time,car_id,angle,speed,x,y
0,0,1.0,1,899.9390780625565,506.9809625749134
0,1,37.0,1,819.4542040189172,740.7260092608193
0,2,73.0,1,616.9486818890947,882.5219023852142
0,3,109.0,1,369.7727382171373,878.2074302397268
0,4,145.0,1,172.33918228440325,729.4305745404183
0,5,181.0,1,100.06092193744348,493.01903742508654
0,6,217.0,1,180.54579598108285,259.27399073918065
0,7,253.0,1,383.0513181109052,117.4780976147859
0,8,289.0,1,630.2272617828626,121.79256976027324
0,9,325.0,1,827.6608177155966,270.56942545958145
1,0,3.0,2,899.4518139018296,520.9343824971776
1,1,39.0,2,810.8583845827884,751.728156419935
1,2,73.90374162770023,0.9037416277002326,610.9007641022391,884.3189047152632
1,3,109.91732690723413,0.9173269072341228,363.73444453482676,876.0740597193162
1,4,146.1230012171561,1.1230012171560753,167.90555068324784,722.964743251042
1,5,181.2,0.2,100.0877266100618,491.6230320466573
1,6,218.08664955723862,1.0866495572386183,185.1684897510358,253.25900187776588
1,7,254.18874966219406,1.1887496621940563,391.01232859011526,115.13419549062172
1,8,289.80026979943017,0.8002697994301788,635.496940297621,123.6483304541045
1,9,325.2,0.2,828.4596836534815,271.7145729262271
2,0,5.0,2,898.4778792366983,534.8622970990633
2,1,41.0,2,801.8838320891089,762.4236115962029
2,2,74.80748325540046,0.9037416277002326,604.825255226303,886.0202920401211
2,3,110.83465381446825,0.9173269072341228,357.73107934276845,873.8442914035553
2,4,147.24600243431217,1.1230012171560753,163.59949329646753,716.4132599671439
2,5,181.39999999999998,0.2,100.11940408752673,490.22712873893886
2,6,219.17329911447723,1.0866495572386183,189.90442327696576,247.33276172639873
2,7,255.3774993243881,1.1887496621940563,399.02025251618556,112.95595780569744
2,8,290.60053959886034,0.8002697994301788,640.7401855955334,125.57751114745417
2,9,325.4,0.2,829.2545474137765,272.8625019787592
3,0,7.0,2,897.0184606565288,548.747737362059
3,1,43.0,2,792.5414806476682,772.7993440249994
3,2,75.71122488310068,0.9037416277002326,598.7236667919597,887.6256410702858
3,3,111.75198072170238,0.9173269072341228,351.7641814633147,871.518696841436
3,4,148.36900365146826,1.1230012171560753,159.42266429771473,709.7786414436248
3,5,181.59999999999997,0.2,100.15595398385824,488.83134451057265
3,6,220.25994867171585,1.0866495572386183,194.7518931208773,241.49740185694134
3,7,256.5662489865822,1.1887496621940563,407.07164290003277,110.94432217650262
3,8,291.4008093982905,0.8002697994301788,645.9559748059753,127.57973548900765
3,9,325.59999999999997,0.2,830.0453993113179,274.0131986300245
4,0,9.0,2,895.0753362380551,562.5737860160923
4,1,45.0,2,782.842712474619,782.842712474619
4,2,76.61496651080091,0.9037416277002326,592.5975168182358,889.1345524096987
4,3,112.66930762893651,0.9173269072341228,345.83528037127445,869.0978721447693
4,4,149.49200486862435,1.1230012171560753,155.37666821750554,703.0634363718214
4,5,181.79999999999995,0.2,100.19737585370734,487.435696368749
4,6,221.34659822895446,1.0866495572386183,199.7091557269813,235.7550211531019
4,7,257.7549986487763,1.1887496621940563,415.16303404255507,109.10015450612502
4,8,292.2010791977207,0.8002697994301788,651.1432904145524,129.65461287784035
4,9,325.79999999999995,0.2,830.8322297098244,275.16664885914736
5,0,11.0,2,892.6508733790656,576.323598150618
5,1,47.0,2,772.7993440249994,792.5414806476682
5,2,77.51870813850114,0.9037416277002326,586.4483294348436,890.5466506551103
5,3,113.58663453617064,0.9173269072341228,339.9458958018683,866.5824378353846
5,4,150.61500608578044,1.1230012171560753,151.46305932683816,696.2702244004241
5,5,181.99999999999994,0.2,100.24366919236172,486.040201319
5,6,222.43324778619308,1.0866495572386183,204.77442804882423,230.1076850555001
5,7,258.94374831097036,1.1887496621940563,423.2909430264326,107.42424861152466
5,8,293.00134899715084,0.8002697994301788,656.3011204615988,131.80173853961668
5,9,325.99999999999994,0.2,831.6150290220164,276.32283861170083
6,0,13.0,2,889.7480259140941,589.980421737546
6,1,49.0,2,762.4236115962029,801.8838320891088
6,2,78.42244976620137,0.9037416277002326,580.2776345029903,891.861584489478
6,3,114.50396144340476,0.9173269072341228,334.09753736117995,863.9730386860748
6,4,151.73800730293652,1.1230012171560753,147.68334104011973,689.4016151445057
6,5,182.19999999999993,0.2,100.29483343575151,484.6448763649925
6,6,223.5198973434317,1.0866495572386183,209.9458881906205,224.55742481876194
6,7,260.13249797316445,1.1887496621940563,431.4518712153406,105.91732588183766
6,8,293.801618796581,0.8002697994301788,661.4284587395961,134.02069360555566
6,9,326.19999999999993,0.2,832.393787709731,277.4817537998775
7,0,15.0,2,886.3703305156273,603.5276180410083
7,1,51.0,2,751.728156419935,810.8583845827883
7,2,79.3261913939016,0.9037416277002326,574.0869672347633,893.07902676937
7,3,115.42128835063889,0.9173269072341228,328.29170413920394,861.2703435553233
7,4,152.8610085200926,1.1230012171560753,144.03896533762872,682.4602471830347
7,5,182.39999999999992,0.2,100.35086796045664,483.2497385083207
7,6,224.6065469006703,1.0866495572386183,215.22167606255886,219.1062367809107
7,7,261.32124763535853,1.1887496621940563,439.64230575992593,104.5800349678563
7,8,294.6018885960112,0.8002697994301788,666.5243049894668,136.31104519414532
7,9,326.3999999999999,0.2,833.1684962840395,278.64338030266197
8,0,17.0,2,882.5219023852142,616.9486818890947
8,1,53.0,2,740.7260092608194,819.4542040189172
8,2,80.22993302160182,0.9037416277002326,567.8778678111836,894.1986746063557
8,3,116.33861525787302,0.9173269072341228,322.5298843255888,858.4750452158576
8,4,153.9840097372487,1.1230012171560753,140.53133220773606,675.4487870452657
8,5,182.5999999999999,0.2,100.41177208371408,481.85480474829916
8,6,225.69319645790893,1.0866495572386183,220.599894049846,213.7560816453165
8,7,262.5099972975526,1.1887496621940563,447.8587211099061,103.41295150281894
8,8,295.40215839544135,0.8002697994301788,671.5876650957075,138.67234649558952
8,9,326.5999999999999,0.2,833.9391453053623,279.8077039660013
9,0,19.0,2,878.2074302397268,630.2272617828627
9,1,55.0,2,729.4305745404184,827.6608177155967
9,2,81.13367464930205,0.9037416277002326,561.6518809990224,895.2202494423614
9,3,117.25594216510714,0.9173269072341228,316.8135548281746,855.5878601770733
9,4,155.10701095440479,1.1230012171560753,137.16178910909935,668.3699281863906
9,5,182.7999999999999,0.2,100.47754506342636,480.4600920817554
9,6,226.77984601514754,1.0866495572386183,226.07860769524814,208.50888377546352
9,7,263.6987469597467,1.1887496621940563,456.09758053163125,102.41657785463013
9,8,296.2024281948715,0.8002697994301788,676.6175512803263,141.10413685897504
9,9,326.7999999999999,0.2,834.7057253835844,280.97471060297937
10,0,21.0,2,873.4321705988807,643.3471798181201
10,1,57.0,2,717.8556140060108,835.4682271781696
10,2,82.03741627700228,0.9037416277002326,555.4105557664781,896.1434971189733
10,3,118.17326907234127,0.9173269072341228,311.144180894422,852.6095285013739
10,4,156.23001217156087,1.1230012171560753,133.931630453036,661.2263899528468
10,5,182.9999999999999,0.2,100.54818609817045,479.0656175028233
10,6,227.86649557238616,1.0866495572386183,231.6558463948832,203.3665305027879
10,7,264.8874966219408,1.1887496621940563,464.35533763046203,101.59134290961794
10,8,297.0026979943017,0.8002697994301788,681.6129822955405,143.60594188213565
10,9,326.9999999999999,0.2,835.4682271781693,282.1443859939886
11,0,23.0,2,868.2019413809762,656.2924513957096
11,1,59.0,2,706.0152299640217,842.8669202808449
11,2,82.94115790470251,0.9037416277002326,549.1554448978063,896.9681879406696
11,3,119.0905959795754,0.9173269072341228,305.52321573583026,849.5408136144728
11,4,157.35301338871696,1.1230012171560753,130.84209710627437,654.0209165376789
11,5,183.19999999999987,0.2,100.62369432720755,477.6713980027354
11,6,228.95314512962477,1.0866495572386183,237.3296041070151,198.33087144783514
11,7,266.07624628413487,1.1887496621940563,472.62843787730446,100.937601887921
11,8,297.80296779373185,0.8002697994301788,686.572983615202,146.17727350420017
11,9,327.1999999999999,0.2,836.2266413982733,283.31671588690335
12,0,25.0,2,862.52311481466,669.0473046962798
12,1,61.0,2,693.9238480985349,849.8478828557584
12,2,83.84489953240274,0.9037416277002326,542.8881046070026,897.6941167319662
12,3,120.00792288680952,0.9173269072341228,299.95210015544126,846.3825021097073
12,4,158.47601460587305,1.1230012171560753,127.89437591427458,646.7562759263562
12,5,183.39999999999986,0.2,100.70406883049384,476.27745056961635
12,6,230.0397946868634,1.0866495572386183,243.09784007359423,193.40371785498206
12,7,267.26499594632895,1.1887496621940563,480.9133201386492,100.45563619058487
12,8,298.603237593162,0.8002697994301788,691.4965876249124,148.81763010080607
12,9,327.39999999999986,0.2,836.9809588028586,284.4916859972541
13,0,27.0,2,856.4026096753471,681.5961998958187
13,1,63.0,2,681.5961998958187,856.4026096753471
13,2,84.74864116010296,0.9037416277002326,536.6100941506298,898.3211028884637
13,3,120.92524979404365,0.9173269072341228,294.4322621785218,843.1354035464134
13,4,159.59901582302913,1.1230012171560753,125.08959924530132,639.43525883345
13,5,183.59999999999985,0.2,100.78930862869129,474.8837921882757
13,6,231.126444244102,1.0866495572386183,248.95847955428513,188.58684194096145
13,7,268.45374560852304,1.1887496621940563,489.20641820945053,100.14565327843349
13,8,299.4035073925922,0.8002697994301788,696.3828338107867,151.5264965819568
13,9,327.59999999999985,0.2,837.7311702008055,285.6692820084006
14,0,29.0,2,849.8478828557584,693.9238480985348
14,1,65.0,2,669.0473046962798,862.52311481466
14,2,85.65238278780319,0.9037416277002326,530.3229754398899,898.8489904217784
14,3,121.84257670127778,0.9173269072341228,288.9651166865237,839.8003502424143
14,4,160.72201704018522,1.1230012171560753,122.42884455542378,632.0606776305789
14,5,183.79999999999984,0.2,100.87941268317991,473.4904398400011
14,6,232.21309380134062,1.0866495572386183,254.90941457271595,183.8819762574251
14,7,269.6424952707171,1.1887496621940563,497.50416234819005,100.00778658276886
14,8,300.20377719202236,0.8002697994301788,701.2307689468355,154.30334449250847
14,9,327.79999999999984,0.2,838.4772664510251,286.8494895717071
15,0,31.0,2,842.8669202808449,706.0152299640217
15,1,67.0,2,656.2924513957095,868.2019413809762
15,2,86.55612441550342,0.9037416277002326,524.0283126520346,899.2776479983522
15,3,122.7599036085119,0.9173269072341228,283.55206505441237,836.3781970606756
15,4,161.8450182573413,1.1230012171560753,119.91313397461136,624.6353652660362
15,5,183.99999999999983,0.2,100.97437989607022,472.0974105023511
15,6,233.29974335857924,1.0866495572386183,260.9485046746838,179.29081306777272
15,7,270.8312449329112,1.1887496621940563,505.80298081346115,100.04209544793514
15,8,301.0040469914525,0.8002697994301788,706.0394472809235,157.14763211526224
15,9,327.99999999999983,0.2,839.2192384625698,288.03229430671706
16,0,33.0,2,835.4682271781696,717.8556140060108
16,1,69.0,2,643.3471798181201,873.4321705988807
16,2,87.45986604320365,0.9037416277002326,517.7276718412124,899.6069689721268
16,3,123.67723051574603,0.9173269072341228,278.194494791456,832.8698211901802
16,4,162.9680194744974,1.1230012171560753,117.54343391408088,617.1621741765105
16,5,184.19999999999982,0.2,101.07420911021666,470.7047211489487
16,6,234.38639291581785,1.0866495572386183,267.0735776980412,174.81500373847268
16,7,272.0199945951053,1.1887496621940563,514.0993014014174,100.24856510577479
16,8,301.8043167908827,0.8002697994301788,710.8079307192679,160.05880457664398
16,9,328.1999999999998,0.2,839.9570771947449,289.21768180132796
17,0,35.0,2,827.6608177155967,729.4305745404184
17,1,71.0,2,630.2272617828627,878.2074302397267
17,2,88.36360767090387,0.9037416277002326,511.4226205488493,899.8368714110757
17,3,124.59455742298016,0.9173269072341228,272.8937791855708,829.2761219210827
17,4,164.09102069165348,1.1230012171560753,115.32065469505028,609.643975191322
17,5,184.3999999999998,0.2,101.17889910923179,469.31238874927396
17,6,235.47304247305647,1.0866495572386183,273.2824305539864,170.45615814509296
17,7,273.2087442572994,1.1887496621940563,522.3895529834161,100.62710668198474
17,8,302.60458659031286,0.8002697994301788,715.5352890094482,163.03629395495182
17,9,328.3999999999998,0.2,840.6907736572184,290.4056376119672
18,0,37.0,2,819.4542040189172,740.7260092608193
18,1,73.0,2,616.9486818890947,882.5219023852142
18,2,89.2673492986041,0.9037416277002326,505.11472741365804,899.9672981175886
18,3,125.51188433021429,0.9173269072341228,267.65127695131014,825.5980204141961
18,4,165.21402190880957,1.1230012171560753,113.2456501990377,602.0836564295917
18,5,184.5999999999998,0.2,101.28844861750099,467.92043026845795
18,6,236.55969203029508,1.0866495572386183,279.57283001947997,166.21584409325402
18,7,274.39749391949346,1.1887496621940563,530.6701670432025,101.17755723437273
18,8,303.40485638974303,0.8002697994301788,720.2205999218813,166.07951939114798
18,9,328.5999999999998,0.2,841.4203189101303,291.59614726376833
19,0,39.0,2,810.8583845827884,751.728156419935
19,1,75.0,2,603.5276180410083,886.3703305156273
19,2,90.17109092630433,0.9037416277002326,498.8055617813759,899.9982166427019
19,3,126.42921123744841,0.9173269072341228,262.46833188159076,821.8364594648747
19,4,166.33702312596566,1.1230012171560753,111.31921753984318,594.4841221907694
19,5,184.79999999999978,0.2,101.4028563001981,466.5288626670754
19,6,237.6463415875337,1.0866495572386183,285.94251354049766,162.09558675471555
19,7,275.58624358168754,1.1887496621940563,538.9375792129664,101.89967982299493
19,8,304.2051261891732,0.8002697994301788,724.8629494297328,169.18788720217418
19,9,328.7999999999998,0.2,842.1457040642019,292.7891962507467
20,0,41.0,2,801.8838320891089,762.4236115962029
20,1,77.0,0.9037416277002326,589.980421737546,889.7480259140941
20,2,91.07483255400456,0.9037416277002326,492.49669331432585,899.9296192941713
20,3,127.34653814468254,0.9173269072341228,257.34627250324183,817.9924032613501
20,4,167.46002434312175,1.1230012171560753,109.54209675733637,586.848291838946
20,5,184.99999999999977,0.2,101.52212076330164,465.1377029009384
20,6,238.7329911447723,1.0866495572386183,292.3891900458344,158.09686811879692
20,7,276.7749932438816,1.1887496621940563,547.188230807615,102.7931636121462
20,8,305.00539598860337,0.8002697994301788,729.4614318872301,172.36079099677022
20,9,328.9999999999998,0.2,842.8669202808442,293.984770035977
21,0,43.0,2,792.5414806476682,772.7993440249994
21,1,77.90374162770023,0.9037416277002326,583.8218838285978,891.1187694184787
21,2,91.97857418170479,0.9037416277002326,486.1896916008985,899.7615231383852
21,3,128.26386505191667,0.9173269072341228,252.28641173646872,814.0668371375839
21,4,168.58302556027783,1.1230012171560753,107.91497053317062,579.179098681379
21,5,185.19999999999976,0.2,101.64624055361168,463.7469679208897
21,6,239.81964070201093,1.0866495572386183,298.9105407711654,154.22112645932964
21,7,277.9637429060757,1.1887496621940563,555.4185703566002,103.85762400415865
21,8,305.80566578803354,0.8002697994301788,734.0151502063381,175.5976117937709
21,9,329.19999999999976,0.2,843.5839587722649,295.18285405177
22,0,45.0,2,782.842712474619,782.842712474619
22,1,78.80748325540046,0.9037416277002326,577.6424918066745,892.3922061739382
22,2,92.88231580940501,0.9037416277002326,479.88612576505375,899.4939699961199
22,3,129.1811919591508,0.9173269072341228,247.2900465583166,810.0607673207015
22,4,169.70602677743392,1.1230012171560753,106.43846392852998,571.4794888416601
22,5,185.39999999999975,0.2,101.77521415876782,462.35667467259594
22,6,240.90629025924954,1.0866495572386183,305.5042200930675,150.4697558173341
22,7,279.1524925682698,1.1887496621940563,563.6250551326385,105.09260280495039
22,8,306.6059355874637,0.8002697994301788,738.5232160317659,178.89771814285785
22,9,329.39999999999975,0.2,844.2968108015766,296.38343369985
23,0,47.0,2,772.7993440249994,792.5414806476682
23,1,79.71122488310068,0.9037416277002326,571.4437830476195,893.5680193611324
23,2,93.78605743710524,0.9037416277002326,473.5875640759366,899.1270264321338
23,3,130.09851886638492,0.9173269072341228,242.35845767022033,805.9752206730675
23,4,170.82902799459,1.1230012171560753,105.11314414401204,563.7524201279621
23,5,185.59999999999974,0.2,101.90904000726732,460.96684009634197
23,6,241.99293981648816,1.0866495572386183,312.16785637270164,146.84410549960518
23,7,280.3412422304639,1.1887496621940563,571.804152676669,106.49756842125407
23,8,307.4062053868939,0.8002697994301788,742.9847499142708,182.26046624774665
23,9,329.59999999999974,0.2,845.0054676829021,297.5864943515329
24,0,49.0,2,762.4236115962029,801.8838320891088
24,1,80.61496651080091,0.9037416277002326,565.2272997331024,894.6459164485653
24,2,94.68979906480547,0.9037416277002326,467.2955735577064,898.6607837386073
24,3,131.01584577361905,0.9173269072341228,237.49290916972694,801.8112444290749
24,4,171.9520292117461,0.2,103.9395203017375,556.0008608967953
24,5,185.79999999999973,0.2,102.04771646848457,459.57748112682333
24,6,243.07958937372678,1.0866495572386183,318.89905280885324,143.3454795933893
24,7,281.52999189265796,1.1887496621940563,579.9523423183889,108.07191608943975
24,8,308.20647518632404,0.8002697994301788,747.3988814822246,185.68520009178036
24,9,329.7999999999997,0.2,845.709920781481,298.7920213479044
25,0,51.0,2,751.728156419935,810.8583845827883
25,1,81.51870813850114,0.9037416277002326,558.9945884669388,895.6256292653657
25,2,95.5935406925057,0.9037416277002326,461.0117195996758,898.09535791243
25,3,131.93317268085318,0.9173269072341228,232.6946482264736,797.5699059267105
25,4,172.15202921174608,0.2,103.7464537533724,554.6180106464138
25,5,185.99999999999972,0.2,102.19124185269044,458.1886146929405
25,6,244.1662389309654,1.0866495572386183,325.6953883000217,139.97513649732497
25,7,282.71874155485204,1.1887496621940563,588.0661166917195,109.81496813583374
25,8,309.0067449857542,0.8002697994301788,751.7647496114078,189.17125156590623
25,9,329.9999999999997,0.2,846.4101615137745,299.9999999999983
26,0,53.0,2,740.7260092608194,819.4542040189172
26,1,82.42244976620137,0.9037416277002326,552.7471998903092,896.5069140680043
26,2,96.49728232020593,0.9037416277002326,454.7375655668562,897.4308896263417
26,3,132.8504995880873,0.9173269072341228,227.964904762505,793.2522923339681
26,4,172.35202921174607,0.2,103.55821542941834,553.2344948928092
26,5,186.1999999999997,0.2,102.33961441107363,456.8002577175929
26,6,245.252888488204,1.0866495572386183,332.55441831525155,136.73428846881757
26,7,283.90749121704613,1.1887496621940563,596.14198324454,111.7259742684214
26,8,309.8070147851844,0.8002697994301788,756.0815025930017,192.71794059901492
26,9,330.1999999999997,0.2,847.1061813475703,301.21041558897605
27,0,55.0,2,729.4305745404184,827.6608177155967
27,1,83.3261913939016,0.9037416277002326,546.4866882959735,897.2895516009362
27,2,97.40102394790615,0.9037416277002326,448.47467241100657,896.6675441939344
27,3,133.76782649532143,0.9173269072341228,223.30489113701128,788.8595103701778
27,4,172.55202921174606,0.2,103.37480762349986,551.8503304936838
27,5,186.3999999999997,0.2,102.49283233576125,455.4124271174719
27,6,246.33953804544262,1.0866495572386183,339.4736757733903,133.62410118801023
27,7,285.0962408792402,1.1887496621940563,604.1764657420488,113.80411189980839
27,8,310.60728458461455,0.8002697994301788,760.3482982997423,196.3245752906099
27,9,330.3999999999997,0.2,847.7979718020865,302.42325336630574
28,0,57.0,2,717.8556140060108,835.4682271781696
28,1,84.22993302160182,0.9037416277002326,540.214611241578,897.9733471511487
28,2,98.30476557560638,0.9037416277002326,442.22459828228375,895.805511528524
28,3,134.68515340255556,0.9173269072341228,218.71580183556824,784.392686022325
28,4,172.75202921174605,0.2,103.19623257038313,550.4655343146443
28,5,186.59999999999968,0.2,102.65089375984121,454.02513980285556
28,6,247.42618760268124,1.0866495572386183,346.45067193045713,130.64569333850744
28,7,286.2849905414343,1.1887496621940563,612.1661057630965,116.04848650130072
28,8,311.4075543840447,0.8002697994301788,764.5643043502048,199.99045204578533
28,9,330.5999999999997,0.2,848.4855244480747,303.6384985539417
29,0,59.0,2,706.0152299640217,842.8669202808449
29,1,85.13367464930205,0.9037416277002326,533.9325291621487,898.5581305966043
29,2,99.20850720330661,0.9037416277002326,435.9888981415885,894.845006095901
29,3,135.60248030978968,0.9173269072341228,214.1988131639592,779.8529642564297
29,4,172.95202921174604,0.2,103.02249244594901,549.0801232289953
29,5,186.79999999999967,0.2,102.81379675738498,452.6384126774019
29,6,248.51283715991985,1.0866495572386183,353.48289727480346,127.80013620500313
29,7,287.4737402036284,1.1887496621940563,620.1074641888579,118.4581319879531
29,8,312.2078241834749,0.8002697994301788,768.7286982711889,203.71485571248724
29,9,330.79999999999967,0.2,849.1688309079227,304.8561363445049
30,0,61.0,2,693.9238480985349,849.8478828557584
30,1,86.03741627700228,0.9037416277002326,527.64200498187,899.0437564485658
30,2,100.11224883100684,0.9037416277002326,429.76912337370567,893.786266860974
30,3,136.5198072170238,0.9173269072341228,209.75508294665588,775.2415087240611
30,4,173.15202921174603,0.2,102.85358936716585,547.6941141175333
30,5,186.99999999999966,0.2,102.9815393434709,451.2522626379434
30,6,249.59948671715847,1.0866495572386183,360.5678224297436,125.08845328795684
30,7,288.66248986582247,1.1887496621940563,627.9971226831879,121.03201113441662
30,8,313.00809398290505,0.8002697994301788,772.8406676581692,207.49705972102697
30,9,330.99999999999966,0.2,849.8478828557571,306.07615190146305
31,0,63.0,2,681.5961998958187,856.4026096753471
31,1,86.94115790470251,0.9037416277002326,521.3446037252429,899.430103887792
31,2,101.01599045870707,0.9037416277002326,423.5668214013342,892.6295572283173
31,3,137.43713412425794,0.9173269072341228,205.38575023003744,770.5595014640626
31,4,173.35202921174601,0.2,102.68952539206452,546.3075238683423
31,5,187.19999999999965,0.2,103.15411947420853,449.8667065742807
31,6,250.6861362743971,1.0866495572386183,367.70289906333005,122.51161993545742
31,7,289.85123952801655,1.1887496621940563,635.8316851640373,123.76901602141027
31,8,313.8083637823352,0.8002697994301788,776.8994103337803,211.33632622582257
31,9,331.19999999999965,0.2,850.5226720175442,307.2985303593117
32,0,65.0,2,669.0473046962798,862.52311481466
32,1,87.84489953240274,0.9037416277002326,515.041892127722,899.7170767945972
32,2,101.9197320864073,0.9037416277002326,417.3835353001019,891.3751649766378
32,3,138.35446103149206,0.9173269072341228,201.09193499042306,765.8081425995647
32,4,173.552029211746,0.2,102.53030251971279,544.9203693765867
32,5,187.39999999999964,0.2,103.33153504676346,448.4817613689774
32,6,251.7727858316357,1.0866495572386183,374.8855608049468,120.070562992406
32,7,291.03998919021063,1.1887496621940563,643.6077792652848,126.66796851262114
32,8,314.6086335817654,0.8002697994301788,780.9041345043112,215.23190624934142
32,9,331.39999999999964,0.2,851.193190171191,308.523256823755
33,0,67.0,2,656.2924513957095,868.2019413809762
33,1,88.74864116010296,0.9037416277002326,508.73543824592565,899.9046037727643
33,2,102.82347371410752,0.9037416277002326,411.22080341466346,890.0234021871793
33,3,139.2717879387262,0.9173269072341228,196.87473784699125,760.9886500303601
33,4,173.752029211746,0.2,102.37592269019109,543.5326675443063
33,5,187.59999999999962,0.2,103.51378389938299,447.09744389715365
33,6,252.85943538887432,1.0866495572386183,382.1132241683913,117.76616046714543
33,7,292.2287388524047,1.1887496621940563,651.3220577883652,129.72762076183074
33,8,315.40890338119556,0.8002697994301788,784.8540589141691,219.18303982821283
33,9,331.5999999999996,0.2,851.8594291466454,309.7503163718876
34,0,69.0,2,643.3471798181201,873.4321705988807
34,1,89.65238278780319,0.9037416277002326,502.4268110675181,899.9926381673074
34,2,103.72721534180775,0.9037416277002326,405.0801589759735,888.5746051660782
34,3,140.18911484596032,0.9173269072341228,192.73523977966272,756.1022591207243
34,4,173.95202921174598,0.2,102.22638778456883,542.1444352802099
34,5,187.7999999999996,0.2,103.70086381142221,445.71377102628094
34,6,253.94608494611293,1.0866495572386183,389.3832894811119,115.59924121565462
34,7,293.4174885145988,1.1887496621940563,658.9712001430607,132.94665575004643
34,8,316.2091731806257,0.8002697994301788,788.7484129982897,223.18895616148353
34,9,331.7999999999996,0.2,852.5213808259956,310.979694052376
35,0,71.0,2,630.2272617828627,878.2074302397267
35,1,90.55612441550342,0.9037416277002326,496.1175801208598,899.98115807608
35,2,104.63095696950798,0.9037416277002326,398.9631297198335,887.0291343606948
35,3,141.10644175319445,0.9173269072341228,188.67450185201557,751.150222382759
35,4,174.15202921174597,0.2,102.08169962488176,540.7556894994696
35,5,187.9999999999996,0.2,103.89277250337148,444.3307596159766
35,6,255.03273450335155,1.0866495572386183,396.6931418192679,113.57058464342276
35,7,294.6062381767929,1.1887496621940563,666.55191377684,136.32368785240902
35,8,317.0094429800559,0.8002697994301788,792.5864370324634,227.24887376099002
35,9,331.9999999999996,0.2,853.1790371435695,312.21137488564113
36,0,73.0,2,616.9486818890947,882.5219023852142
36,1,91.45986604320365,0.9037416277002326,489.8093150845233,899.8701663552226
36,2,105.5346985972082,0.9037416277002326,392.87123750680473,885.387374269937
36,3,142.02376866042857,0.9173269072341228,184.69356493930746,746.1338091553398
36,4,174.35202921174596,0.2,101.94185997410938,539.3664471235144
36,5,188.1999999999996,0.2,104.08950763688398,442.9484265177982
36,6,256.11938406059016,1.0866495572386183,404.04015194827497,111.68092042510989
36,7,295.79498783898697,1.1887496621940563,674.0609355921289,139.85726343463102
36,8,317.80971277948606,0.8002697994301788,796.367382281542,231.36200060381196
36,9,332.1999999999996,0.2,853.8323900860322,313.4453438640409
37,0,75.0,2,603.5276180410083,886.3703305156273
37,1,92.36360767090387,0.9037416277002326,483.50358539677126,899.6596906184541
37,2,106.43844022490843,0.9037416277002326,386.80599794358386,883.6497333486002
37,3,142.9410955676627,0.9173269072341228,180.79344946167078,741.0543052787505
37,4,174.55202921174595,0.2,101.80687053615372,537.9767250798243
37,5,188.39999999999958,0.2,104.2910668148042,441.5667885750383
37,6,257.2060336178288,1.0866495572386183,411.4216772684978,109.93092824209475
37,7,296.98373750118105,1.1887496621940563,681.4950333509006,143.54586147870936
37,8,318.60998257891623,0.2,800.0905111455077,235.5275342867845
37,9,332.3999999999996,0.2,854.4814316924844,314.6815859520526
38,0,77.0,2,589.980421737546,889.7480259140941
38,1,93.2673492986041,0.9037416277002326,477.2019598650954,899.3497832301995
38,2,107.34218185260866,0.9037416277002326,380.7689200059333,881.8166439057476
38,3,143.85842247489683,0.9173269072341228,176.97515512255183,735.913012765088
38,4,174.75202921174593,0.2,101.67673295581847,536.5865403017239
38,5,188.59999999999957,0.2,104.4974475811972,440.1858626225192
38,6,258.2926831750674,1.0866495572386183,418.83506276575,108.32123753800454
38,7,298.17248716337514,1.1887496621940563,688.851007065986,147.387894237644
38,8,318.8099825789162,0.2,801.0118640781494,236.57665691097583
38,9,332.59999999999957,0.2,855.126154054559,315.9200860864566
39,0,79.0,2,576.323598150618,892.6508733790656
39,1,94.17109092630433,0.9037416277002326,470.90600627591067,898.940521292564
39,2,108.24592348030889,0.9037416277002326,374.7615056632625,879.8885619971559
39,3,144.77574938213095,0.9173269072341228,173.239660652461,730.7112494645226
39,4,174.95202921174592,0.2,101.55144881878903,535.1959097281758
39,5,188.79999999999956,0.2,104.70864742137837,438.8056654863879
39,6,259.379332732306,1.0866495572386183,426.27764196625975,106.8524272923143
39,7,299.3612368255692,1.1887496621940563,696.1256903784974,151.38170791887904
39,8,319.0099825789162,0.2,801.9295492762208,237.62898926547138
39,9,332.79999999999956,0.2,855.7665493165175,317.1608291765195
40,0,81.0,0.9037416277002326,562.5737860160924,895.0753362380551
40,1,95.07483255400456,0.9037416277002326,464.6172910045053,898.4320066261496
40,2,109.14966510800912,0.9037416277002326,368.7852495049516,877.8659673118527
40,3,145.69307628936508,0.9173269072341228,169.5879235580971,725.4503487274972
40,4,175.1520292117459,0.2,101.43101965161298,533.804850303575
40,5,188.99999999999955,0.2,104.92466376194443,437.4262139839109
40,6,260.4659822895446,1.0866495572386183,433.7467378957564,105.52502581209745
40,7,300.5499864877633,1.1887496621940563,703.3159519207809,155.52558339617332
40,8,319.2099825789162,0.2,802.8435555580176,238.6845185279335
40,9,332.99999999999955,0.2,856.4026096753457,318.40380010417834
41,0,81.90374162770023,0.9037416277002326,556.3346317626897,896.0131427922086
41,1,95.97857418170479,0.9037416277002326,458.3373786253407,897.8243657447238
41,2,110.05340673570934,0.9037416277002326,362.8416383685113,875.7493630527746
41,3,146.6104031965992,0.9173269072341228,166.02087987691323,720.1316590629544
41,4,175.3520292117459,0.2,101.31544692168183,532.4133789775412
41,5,189.19999999999953,0.2,105.1454939708043,436.04752492326935
41,6,261.55263184678324,1.0866495572386183,441.2396640423346,104.3395105420023
41,7,301.7387361499574,1.1887496621940563,710.4186966643023,159.81773694959293
41,8,319.4099825789162,0.2,803.7538717866614,239.74323183707122
41,9,333.19999999999953,0.2,857.0343273808487,319.6489837242247
42,0,82.80748325540046,0.9037416277002326,550.0814619715596,896.8524249224026
42,1,96.88231580940501,0.9037416277002326,452.06783152279957,897.1177498237435
42,2,110.95714836340957,0.9037416277002326,356.9321509696715,873.539275811574
42,3,147.52773010383333,0.9173269072341228,162.5394439371858,714.7565437926775
42,4,175.5520292117459,0.2,101.20473203721275,531.0215127047138
42,5,189.39999999999952,0.2,105.3711353572117,434.6696151033545
42,6,262.63928140402186,1.0866495572386183,448.75372532274906,103.2963078925232
42,7,302.9274858121515,1.1887496621940563,717.430867251897,164.2563210333098
42,8,319.6099825789162,0.2,804.6604868702364,240.80511629279698
42,9,333.3999999999995,0.2,857.6616947357458,320.896364864489
43,0,83.71122488310068,0.9037416277002326,543.8158323737752,897.5929738229704
43,1,97.78605743710524,0.9037416277002326,445.8102095024793,896.312334662744
43,2,111.8608899911098,0.9037416277002326,351.05825753449005,871.2362554376091
43,3,148.44505701106746,0.9173269072341228,159.14450812364748,709.3263807018355
43,4,175.75202921174588,0.2,101.09887634723168,529.6292684445438
43,5,189.5999999999995,0.2,105.60158517179741,433.2925013135625
43,6,263.7259309612605,1.0866495572386183,456.28621905179176,102.3957930866273
43,7,304.11623547434556,1.1887496621940563,724.3494453137993,168.83942507087204
43,8,319.80998257891616,0.2,805.5633897619239,241.87015895638376
43,9,333.5999999999995,0.2,858.2847040957636,322.14592832602585
44,0,84.61496651080091,0.9037416277002326,537.5393018002947,898.2346052521634
44,1,98.68979906480547,0.9037416277002326,439.5660694031266,895.4083206416025
44,2,112.76463161881003,0.9037416277002326,345.2214194335747,868.8408749011458
44,3,149.3623839183016,0.9173269072341228,155.83694264874532,703.8425616858192
44,4,175.95202921174587,0.2,100.99788114155677,528.2366631610882
44,5,189.7999999999995,0.2,105.83684060660335,431.9162003335905
44,6,264.8125805184991,1.0866495572386183,463.8344359144035,101.63829002479343
44,7,305.30498513653964,1.1887496621940563,731.1714527668917,173.56507627760658
44,8,320.00998257891615,0.2,806.462569460137,242.9383468506229
44,9,333.7999999999995,0.2,858.9033478697297,323.3976588832986
45,0,85.51870813850114,0.9037416277002326,531.2534317941386,898.7771595779893
45,1,99.5935406925057,0.9037416277002326,433.33696470931034,894.4059326706843
45,2,113.66837324651026,0.9037416277002326,339.4230888185069,866.3537301508078
45,3,150.27971082553572,0.9173269072341228,152.61759532958206,698.3064923934614
45,4,176.15202921174586,0.2,100.9017476507828,526.843713822803
45,5,189.9999999999995,0.2,106.07689879511616,430.5407289332313
45,6,265.8992300757377,1.0866495572386183,471.39566094017084,101.0240711685098
45,7,306.4937347987337,0.2,737.8939530966119,178.4312405097985
45,8,320.20998257891614,0.2,807.358015008655,244.00966695998193
45,9,333.9999999999995,0.2,859.5176185196651,324.6515412843657
46,0,86.42244976620137,0.9037416277002326,524.9597862218925,899.220501817927
46,1,100.49728232020593,0.9037416277002326,427.12444516492906,893.3054201348878
46,2,114.57211487421048,0.9037416277002326,333.6647082605605,863.775439965311
46,3,151.19703773276984,0.9173269072341228,149.4872913705983,692.7195918667329
46,4,176.35202921174584,0.2,100.81047704626593,525.4504374023362
46,5,190.19999999999948,0.2,106.32175681230257,429.1661038721702
46,6,266.9858796329763,1.0866495572386183,478.9671744798562,100.55335744227466
46,7,306.6937347987337,0.2,739.0149882106462,179.26360448077514
46,8,320.40998257891613,0.2,808.2497154967564,245.08410623076338
46,9,334.1999999999995,0.2,860.1275085608758,325.90756025106555
47,0,87.3261913939016,0.9037416277002326,518.6599308846313,899.5645216725088
47,1,101.40102394790615,0.9037416277002326,420.93005638764856,892.1070568316
47,2,115.47585650191071,0.9037416277002326,327.9477103918026,861.1066457995158
47,3,152.11436464000397,0.9173269072341228,146.44683315205026,687.0832921770028
47,4,176.55202921174583,0.2,100.72407044010976,524.0568508763213
47,5,190.39999999999947,0.2,106.57141167464499,427.7923418997796
47,6,268.07252919021494,1.0866495572386183,486.54625318361144,100.22631815413297
47,7,306.8937347987337,0.2,740.1331110024776,180.09987652351282
47,8,320.6099825789161,0.2,809.1376600593521,246.16165157126392
47,9,334.39999999999947,0.2,860.7330105620438,327.16570047920357
48,0,88.22993302160182,0.9037416277002326,512.355433128362,899.8091335527624
48,1,102.30476557560638,0.9037416277002326,414.7553394843669,890.8111409025778
48,2,116.37959812961094,0.9037416277002326,322.27351754866834,858.3480116248401
48,3,153.0316915472381,0.9173269072341228,143.49700002433866,681.3990380579611
48,4,176.75202921174582,0.2,100.64252888515142,522.6629712251704
48,5,190.59999999999945,0.2,106.8258603401776,426.41945975491564
48,6,269.15917874745355,1.0866495572386183,494.13017098052245,100.04307093477911
48,7,307.0937347987337,0.2,741.248307848133,180.9400464483008
48,8,320.8099825789161,0.2,810.021837877118,247.24228985193352
48,9,334.59999999999945,0.2,861.3341171453186,328.4259466387381
49,0,89.13367464930205,0.9037416277002326,506.047861454083,899.9542766015038
49,1,103.20850720330661,0.9037416277002326,408.60183066780115,889.4179947597731
49,2,117.28333975731117,0.9037416277002326,316.6435414180967,855.5002237640686
49,3,153.94901845447222,0.9173269072341228,140.63854810824023,675.6682865352948
49,4,176.9520292117458,0.2,100.56585337494914,521.268815432867
49,5,190.79999999999944,0.2,107.08509970852379,425.04747416571394
49,6,270.24582830469217,1.0866495572386183,501.7162000591323,100.00368169524728
49,7,307.2937347987337,0.2,742.3605651592904,181.78410401793354
49,8,321.0099825789161,0.2,810.9022381766262,248.32600790553582
49,9,334.79999999999944,0.2,861.9308209864062,329.68828337396724
50,0,90.03741627700228,0.9037416277002326,499.738785127555,899.9999147084789
50,1,104.11224883100684,0.9037416277002326,402.4710608742912,887.9279650051202
50,2,118.1870813850114,0.9037416277002326,311.05918268631535,852.5639907206022
50,3,154.86634536170635,0.9173269072341228,137.87221010109403,669.8925065532138
50,4,177.1520292117458,0.2,100.4940448437697,519.8744004867597
50,5,190.99999999999943,0.2,107.34912662093365,423.6764018493859
50,6,271.3324778619308,1.0866495572386183,509.30161184859037,100.10816460320405
50,7,307.49373479873367,0.2,743.4698693834458,182.63203894783607
50,8,321.2099825789161,0.2,811.7788502304769,249.4127925273083
50,9,334.99999999999943,0.2,862.5231148146582,330.9526953037165
51,0,90.94115790470251,0.9037416277002326,493.4297737888823,899.9460365193469
51,1,105.01599045870707,0.9037416277002326,396.36455538291773,886.3414223443037
51,2,119.09082301271162,0.9037416277002326,305.5218306903636,849.5400430021893
51,3,155.78367226894048,0.9173269072341228,135.19869508899143,664.0731785979212
51,4,177.3520292117458,0.2,100.42710416657752,518.4797433773543
51,5,191.19999999999942,0.2,107.61793786032257,422.3062595120152
51,6,272.4191274191694,1.0866495572386183,516.883678000075,100.35648207785255
51,7,307.69373479873366,0.2,744.5762070040771,183.48384090618873
51,8,321.4099825789161,0.2,812.6516633574292,250.50263047512362
51,9,335.1999999999994,0.2,863.1109914131616,332.2191670215253
52,0,91.84489953240274,0.9037416277002326,487.1223970620009,899.7926554385051
52,1,105.9197320864073,0.9037416277002326,390.2838334360263,884.6587614945308
52,2,119.99456464041185,0.9037416277002326,300.0328630724373,846.429132939182
52,3,156.7009991761746,0.9173269072341228,132.61868836501856,658.2117943181248
52,4,177.55202921174578,0.2,100.36503215902343,517.0848610981077
52,5,191.3999999999994,0.2,107.89153015131046,420.93706384835355
52,6,273.505776976408,1.0866495572386183,524.4596713681358,100.74854480344999
52,7,307.89373479873365,0.2,745.6795645408097,184.3394995140536
52,8,321.60998257891606,0.2,813.5206669225303,251.5955084696498
52,9,335.3999999999994,0.2,863.6944436188255,333.4876830958356
53,0,92.74864116010296,0.9037416277002326,480.8182241641705,899.5398096257543
53,1,106.82347371410752,0.9037416277002326,384.2304078612541,882.8804010863294
53,2,120.89830626811208,0.9037416277002326,294.5936454371445,843.2320344973623
53,3,157.61832608340873,0.9173269072341228,130.1328512535975,652.3098561426888
53,4,177.75202921174576,0.2,100.30782957743548,515.6897706452204
53,5,191.5999999999994,0.2,108.16990016026153,419.56883154161824
53,6,274.59242653364663,1.0866495572386183,532.0268669916036,101.28421176143257
53,7,308.09373479873364,0.2,746.77992854958,185.1990043455005
53,8,321.80998257891605,0.2,814.385850337246,252.69141319451353
53,9,335.5999999999994,0.2,864.273464322469,334.75822807017926
54,0,93.65238278780319,0.9037416277002326,474.5188235155675,899.1875619868049
54,1,107.72721534180775,0.9037416277002326,378.20578469515215,881.0067835593959
54,2,121.80204789581231,0.9037416277002326,289.20553101175585,839.9495430853881
54,3,158.53565299064286,0.9173269072341228,127.74182094097102,646.3688768955201
54,4,177.95202921174575,0.2,100.25549711880888,514.2944890174291
54,5,191.7999999999994,0.2,108.45304449532512,418.20157926328807
54,6,275.67907609088525,1.0866495572386183,539.5825430737143,101.96329028113809
54,7,308.2937347987336,0.2,747.8772856228,186.06234492773433
54,8,322.00998257891604,0.2,815.2472030595893,253.7903312964617
54,9,335.7999999999994,0.2,864.8480464689076,336.0307864633671
55,0,94.55612441550342,0.9037416277002326,468.22576234907683,898.7360001576264
55,1,108.63095696950798,0.9037416277002326,372.2114628084973,879.0383750525215
55,2,122.70578952351254,0.9037416277002326,283.8698603095337,836.582475356902
55,3,159.452979897877,0.9173269072341228,125.446210311875,640.3903794077921
55,4,178.15202921174574,0.2,100.2080354207983,512.8990332158003
55,5,191.99999999999937,0.2,108.74095970647681,416.83532367290053
55,6,276.76572564812386,1.0866495572386183,547.1239819610947,102.78553610910592
55,7,308.4937347987336,0.2,748.9716223895199,186.9295107412225
55,8,322.209982578916,0.2,816.1047145942493,254.89224938552394
55,9,335.9999999999994,0.2,865.4181830570386,337.30534276967603
56,0,95.45986604320365,0.9037416277002326,461.94060632037827,898.1852364826445
56,1,109.5346985972082,0.9037416277002326,366.2489335333872,876.97566528762
56,2,123.60953115121276,0.9037416277002326,278.58796079622505,833.1316690073552
56,3,160.3703068051111,0.9173269072341228,123.24660779243959,634.3758961276022
56,4,178.35202921174573,0.2,100.16544506170942,511.5034202435224
56,5,192.19999999999936,0.2,109.03364228556075,415.47008141784886
56,6,277.8523752053625,1.0866495572386183,554.6484711212585,103.7506534969313
56,7,308.6937347987336,0.2,750.0629255155916,187.80049121982324
56,8,322.409982578916,0.2,816.9583744927186,255.9971540351762
56,9,336.19999999999936,0.2,865.9838671399282,338.58188145904
57,0,96.36360767090387,0.9037416277002326,455.66491911842644,897.5354079867909
57,1,110.43844022490843,0.9037416277002326,360.3196802922103,874.8191674478903
57,2,124.51327277891299,0.9037416277002326,273.36114655979975,829.5979825655968
57,3,161.28763371234524,0.9173269072341228,121.14357719936015,628.3269687271651
57,4,178.55202921174572,0.2,100.12772656049236,510.1076671056991
57,5,192.39999999999935,0.2,109.33108866633188,414.10586913317917
57,6,278.9390247626011,1.0866495572386183,562.1533041182593,104.85829530764136
57,7,308.8937347987336,0.2,751.1511817038311,188.67527575091435
57,8,322.609982578916,0.2,817.8081723534207,257.1050317825039
57,9,336.39999999999935,0.2,866.5450918248941,339.860386977238
58,0,97.2673492986041,0.9037416277002326,449.4002620764189,896.7866763414127
58,1,111.34218185260866,0.9037416277002326,354.42517822858434,872.5694180501407
58,2,125.41701440661322,0.9037416277002326,268.1907179835183,825.9822951802801
58,3,162.20496061957937,0.9173269072341228,119.13765759537569,622.2451477076398
58,4,178.7520292117457,0.2,100.09488037673515,508.71179080914186
58,5,192.59999999999934,0.2,109.63329522450005,412.7427034413875
58,6,280.0256743198397,1.0866495572386183,569.6357815861519,106.10806314055401
58,7,309.0937347987336,0.2,752.23637769418,189.5538536755223
58,8,322.809982578916,0.2,818.6540978218368,258.2158691283663
58,9,336.59999999999934,0.2,867.1018502735907,341.14084374608365
59,0,98.17109092630433,0.9037416277002326,443.1481937833511,895.9392278240496
59,1,112.24592348030889,0.9037416277002326,348.56689384035394,870.2269768113088
59,2,126.32075603431345,0.9037416277002326,263.0779614224081,822.2855064011383
59,3,163.1222875268135,0.9173269072341228,117.22936315109285,616.1319920016964
59,4,178.9520292117457,0.2,100.06690691065825,507.3158083621629
59,5,192.79999999999933,0.2,109.9402582777737,411.38060095221766
59,6,281.1123238770783,1.0866495572386183,577.0932121999102,107.49950747457706
59,7,309.29373479873357,0.2,753.3185002638676,190.43621428845245
59,8,323.009982578916,0.2,819.496140590632,259.329652537561
59,9,336.79999999999933,0.2,867.6541357020919,342.42323616361534
60,0,99.07483255400456,0.9037416277002326,436.9102696962534,894.9932732720907
60,1,113.14966510800912,0.9037416277002326,342.7462846147396,867.7924265092084
60,2,127.22449766201368,0.9037416277002326,258.02414888323,818.508535955184
60,3,164.03961443404762,0.9173269072341228,115.41918301319078,609.9890685739193
60,4,179.15202921174568,0.2,100.04380650310935,505.9197367743678
60,5,192.99999999999932,0.2,110.25197408590486,410.0195782624587
60,6,282.19897343431694,1.0866495572386183,584.5229136434526,109.0321278298926
60,7,309.49373479873356,0.2,754.3975362275719,191.32234683841904
60,8,323.20998257891597,0.2,820.3342903997809,260.4463684389886
60,9,336.9999999999993,0.2,868.2019413809744,343.7075486042862
61,0,99.85744639979876,0.7826138457942053,431.5210352775598,894.0946985060098
61,1,113.96114195726561,0.8114768492564987,337.5532070660828,865.5284386548946
61,2,128.14335369307133,0.9188560310576546,252.94754224531704,814.5871629888458
61,3,164.85082985277305,0.8112154187254159,113.90051385054835,604.5331851381627
61,4,179.65202921174568,0.5,100.00737681632091,502.4292794485854
61,5,193.49999999999932,0.5,111.05203184092824,406.62185445764254
61,6,283.2553402426978,1.0563668083808504,591.7164454253193,110.65684333926657
61,7,309.99373479873356,0.5,757.0815360467793,193.5541094681991
61,8,323.70998257891597,0.5,822.4125663211431,263.250898463765
61,9,337.4999999999993,0.5,869.5518130045128,346.9266270539596
62,0,100.64006024559296,0.7826138457942053,426.14457701536423,893.1225972845627
62,1,114.7726188065221,0.8114768492564987,332.39271400427685,863.1911310606963
62,2,129.062209724129,0.9188560310576546,247.9344730230982,810.5848839043149
62,3,165.66204527149847,0.8112154187254159,112.45924079150626,599.0563473589871
62,4,180.15202921174568,0.5,100.00140811642228,498.9386371237677
62,5,193.99999999999932,0.5,111.88170948960027,403.2312417601375
62,6,284.31170705107866,1.0563668083808504,598.8788012970037,112.41390291437483
62,7,310.49373479873356,0.5,759.745958111685,195.8092091389965
62,8,324.20998257891597,0.5,824.4662892773091,266.07345784923507
62,9,337.9999999999993,0.5,870.8735418267132,350.1573626336308
63,0,101.42267409138717,0.7826138457942053,420.78189799831506,892.0771509731862
63,1,115.5840956557786,0.8114768492564987,327.26584054990064,860.7809725568516
63,2,129.98106575518665,0.9188560310576546,242.98623048714364,806.5027280152533
63,3,166.4732606902239,0.5,111.09565274843823,593.5596531034435
63,4,180.65202921174568,0.5,100.0259008579531,495.4480756258421
63,5,194.49999999999932,0.5,112.7409438487557,399.847998378228
63,6,285.3680738594595,1.0563668083808504,606.0075466573569,114.30270930211566
63,7,310.99373479873356,0.5,762.3905995162334,198.08747411624063
63,8,324.70998257891597,0.5,826.4953028693243,268.91383164657344
63,9,338.4999999999993,0.5,872.1670271928081,353.39950931027647
64,0,102.20528793718137,0.7826138457942053,415.4339987442597,890.9585546213488
64,1,116.39557250503509,0.8114768492564987,322.17361507992365,858.2984465864412
64,2,130.8999217862443,0.9188560310576546,238.1040872357745,802.3417451781893
64,3,166.9732606902239,0.5,110.29400940028927,590.1623030467733
64,4,181.15202921174568,0.5,100.08085317569629,491.9578607745812
64,5,194.99999999999932,0.5,113.62966948437145,396.4723819589963
64,6,286.4244406678404,1.0563668083808504,613.1002583299901,116.32262046650504
64,7,311.49373479873356,0.5,765.0152588607419,200.38873090123263
64,8,325.20998257891597,0.5,828.4994525799478,271.77180355031805
64,9,338.9999999999993,0.5,873.4321705988789,356.6528201818754
65,0,102.98790178297557,0.7826138457942053,410.10187701357734,889.7670169261607
65,1,117.20704935429158,0.8114768492564987,317.11705902142927,855.7440511084178
65,2,131.81877781730196,0.9188560310576546,233.28929886777348,798.1030055225142
65,3,167.4732606902239,0.5,109.52204367213261,586.7580867816486
65,4,181.65202921174568,0.5,100.16626088482008,488.46825836335876
65,5,195.49999999999932,0.5,114.54781871654956,393.1046495687019
65,6,287.48080747622123,1.0563668083808504,620.1545253869492,118.47294980691476
65,7,311.99373479873356,0.5,767.6197362672397,202.7128042443586
65,8,325.70998257891597,0.5,830.4785857854203,274.647155914844
65,9,339.4999999999993,0.5,874.6688756993574,359.9170474962086
66,0,103.77051562876977,0.7826138457942053,404.78652762302613,888.5027601934371
66,1,118.01852620354808,0.8114768492564987,312.0971866467301,853.118298497722
66,2,132.73763384835962,0.9188560310576546,228.54310365946787,793.7875991752641
66,3,167.9732606902239,0.5,108.77981435214713,583.3472635523179
66,4,182.15202921174568,0.5,100.28211748119674,484.9795341389089
66,5,195.99999999999932,0.5,115.49532162467113,389.745057673205
66,6,288.5371742846021,1.0563668083808504,627.167949968231,120.75296639145944
66,7,312.49373479873356,0.5,770.2038333946891,205.0595171584357
66,8,326.20998257891597,0.5,832.432551767085,277.53966977093575
66,9,339.9999999999993,0.5,875.8770483143617,363.1919426697279
67,0,104.55312947456397,0.7826138457942053,399.4889422601402,887.166020296222
67,1,118.83000305280457,0.8114768492564987,307.1150048699209,850.4217154425071
67,2,133.65648987941728,0.9188560310576546,223.86672224626705,789.3966359807587
67,3,168.4732606902239,0.5,108.0673779639693,579.9300931061758
67,4,182.65202921174568,0.5,100.42841414189792,481.49195378108845
67,5,196.49999999999932,0.5,116.47210605272147,386.3938621184355
67,6,289.59354109298295,1.0563668083808504,634.1381480968532,123.16189520545208
67,7,312.99373479873356,0.5,772.7673534540886,207.4286909321895
67,8,326.70998257891597,0.5,834.361201722868,280.4491248424649
67,9,340.4999999999993,0.5,877.0565964368698,366.4772563064871
68,0,105.33574332035818,0.7826138457942053,394.21010929820955,885.7570466307818
68,1,119.64147990206106,0.8114768492564987,302.1715130449045,847.6548428384936
68,2,134.57534591047494,0.9188560310576546,219.26135730873727,784.9312452151703
68,3,168.9732606902239,0.5,107.38478876238838,576.5068356739816
68,4,183.15202921174568,0.5,100.60513972586654,478.0057828826442
68,5,196.99999999999932,0.5,117.47809761478442,383.05131811090985
68,6,290.6499079013638,1.0563668083808504,641.0627504892061,125.69891741484372
68,7,313.49373479873356,0.5,775.3101012234611,209.82014514386486
68,8,327.20998257891597,0.5,836.2643887786078,283.37529956316314
68,9,340.9999999999993,0.5,878.2074302397252,369.772738217133
69,0,106.11835716615238,0.7826138457942053,388.9510136118787,884.2761020700752
69,1,120.45295675131756,0.8114768492564987,297.2677027649373,844.818235680473
69,2,135.4942019415326,0.9188560310576546,214.7281932632941,780.3925752960936
69,3,169.4732606902239,0.5,106.73209872921478,573.0777519500425
69,4,183.65202921174568,0.5,100.81228077476504,474.5212869289877
69,5,197.49999999999932,0.5,118.5132197007078,379.71768019829534
69,6,291.70627470974466,1.0563668083808504,647.9394033604133,128.36317064455932
69,7,313.99373479873356,0.5,777.8318830627188,212.23369767496456
69,8,327.70998257891597,0.5,838.1419679992414,286.31797109349594
69,9,341.4999999999993,0.5,879.3294620824781,373.07813743795856
70,0,106.90097101194658,0.7826138457942053,383.71263639339867,882.7234629147083
70,1,121.26443360057405,0.8114768492564987,292.4045576637295,841.9124629509843
70,2,136.41305797259025,0.9188560310576546,210.26839595759185,775.7817934871939
70,3,169.9732606902239,0.5,106.10935756932156,569.6431030723605
70,4,184.15202921174568,0.5,101.04982151400066,471.0387312779764
70,5,197.99999999999932,0.5,119.57739348193707,376.39320225002564
70,6,292.7626415181255,1.0563668083808504,654.7657692244181,131.15374927163197
70,7,314.49373479873356,0.5,780.3325069284115,214.66916472411862
70,8,328.20998257891597,0.5,839.993796399842,289.2769153376339
70,9,341.9999999999993,0.5,880.42260651806,376.39320225001654
71,0,107.68358485774078,0.7826138457942053,378.4959549695646,881.0994188413856
71,1,122.07591044983054,0.8114768492564987,287.5830532181413,838.9381075061832
71,2,137.3319140036479,0.9188560310576546,205.8831123706887,771.1000855980076
71,3,170.4732606902239,0.5,105.51661270685906,566.2031506027454
71,4,184.65202921174568,0.5,101.3177438539264,467.5583811397064
71,5,198.49999999999932,0.5,120.67053791751874,373.0781374379676
71,6,293.8190083265064,1.0563668083808504,661.5395276885363,134.06970473303988
71,7,314.99373479873356,0.5,782.8117823883501,217.12636082108236
71,8,328.70998257891597,0.5,841.8197329565073,292.2519069605162
71,9,342.4999999999993,0.5,881.4867802992893,379.7176801982861
72,0,108.46619870353499,0.7826138457942053,373.30194261937606,879.4042728488652
72,1,122.88738729908704,0.8114768492564987,282.80415655251807,835.895765958931
72,2,138.25077003470557,0.9188560310576546,201.57347031806455,766.3486556789744
72,3,170.9732606902239,0.5,104.95390928164346,562.7581565068958
72,4,185.15202921174568,0.5,101.61602739121884,464.08050155631526
72,5,198.99999999999932,0.5,121.7925697602717,369.77273821714186
72,6,294.87537513488724,1.0563668083808504,668.2583762421931,137.11004584813787
72,7,315.49373479873356,0.5,785.2695206361095,219.60509884085923
72,8,329.20998257891597,0.5,843.6196386170991,295.2427194050132
72,9,342.9999999999993,0.5,882.5219023852128,383.05131811090075
73,0,109.24881254932919,0.7826138457942053,368.1315683924514,877.6383412014268
73,1,123.69886414834353,0.8114768492564987,278.06882624469745,832.7860485591211
73,2,139.16962606576323,0.9188560310576546,197.34057816156718,761.5287257117764
73,3,171.4732606902239,0.5,104.42129014571924,559.3083831344502
73,4,185.65202921174568,0.5,101.94464941043162,460.60535738179874
73,5,199.49999999999932,0.5,122.94340356312705,366.47725630649614
73,6,295.9317419432681,1.0563668083808504,674.920031039584,140.27373915557547
73,7,315.99373479873356,0.5,787.7055345054067,222.10519001795262
73,8,329.70998257891597,0.5,845.3933763118328,298.24912490917745
73,9,343.4999999999993,0.5,883.527893947276,386.3938621184265
74,0,110.03142639512339,0.7826138457942053,362.98579692823233,875.801953369868
74,1,124.51034099760003,0.8114768492564987,273.37801213373393,829.6095790712733
74,2,140.08848209682088,0.9188560310576546,193.18552452436188,756.6415352950669
74,3,171.9732606902239,0.5,103.9187958600956,555.854093199007
74,4,186.15202921174568,0.5,102.30358488572574,457.13321326184024
74,5,199.99999999999932,0.5,124.12295168563497,363.19194266973705
74,6,296.98810875164895,1.0563668083808504,681.5222276759926,143.55970926458787
74,7,316.49373479873356,0.5,790.119638484354,224.6264439607396
74,8,330.20998257891597,0.5,847.1408109637152,301.27089452358996
74,9,343.9999999999993,0.5,884.5046783753262,389.7450576731957
75,0,110.81404024091759,0.7826138457942053,357.8655882760096,873.8954519700329
75,1,125.32181784685652,0.8114768492564987,268.7326551293735,826.3669946494142
75,2,141.00733812787854,0.9188560310576546,189.10937801095702,751.6883413256681
75,3,172.4732606902239,0.5,103.44646469165798,552.395549758119
75,4,186.65202921174568,0.5,102.69280648277515,453.6643336136573
75,5,200.49999999999932,0.5,125.33112430063926,359.9170474962176
75,6,298.0444755600298,1.0563668083808504,688.0627219574972,146.96683922053853
75,7,316.99373479873356,0.5,792.5116487295868,227.1686686659708
75,8,330.70998257891597,0.5,848.8618094988327,304.30779812879575
75,9,344.4999999999993,0.5,885.452181283448,393.1046495686927
76,0,111.5966540867118,0.7826138457942053,352.7718977158069,871.9191926988915
76,1,126.13329469611301,0.8114768492564987,264.13368702332184,823.0589457092741
76,2,141.9261941589362,0.9188560310576546,185.11318693237865,746.6704176753202
76,3,172.9732606902239,0.5,103.00433261025353,548.9330161932593
76,4,187.15202921174568,0.5,103.1122845608482,450.1989826058655
76,5,200.99999999999932,0.5,126.56782940111759,356.6528201818843
76,6,299.10084236841067,1.0563668083808504,694.5392906638087,150.49397088458954
76,7,317.49373479873356,0.5,794.8813830802642,229.7316705333928
76,8,331.20998257891597,0.5,850.5562408564833,307.35960445282694
76,9,344.9999999999993,0.5,886.370330515626,396.47238195898694
77,0,112.379267932506,0.7826138457942053,347.70567558015375,869.8735442681764
77,1,126.9447715453695,0.8114768492564987,259.5820303023392,819.6860957978226
77,2,142.84505018999386,0.9188560310576546,181.1979790365636,741.5890548630642
77,3,173.4732606902239,0.5,102.59243328595204,545.4667561897645
77,4,187.65202921174568,0.5,103.56198717506527,446.7374241383606
77,5,201.49999999999932,0.5,127.83297280718841,353.3995093102855
77,6,300.1572091767915,1.0563668083808504,700.9497323039811,154.13990532737324
77,7,317.99373479873356,0.5,797.2286610719401,232.31525438049005
77,8,331.70998257891597,0.5,852.2239759991592,310.42608108881694
77,9,345.4999999999993,0.5,887.2590561512419,399.8479983782188
78,0,113.1618817783002,0.7826138457942053,342.6678670767809,867.7588883355921
78,1,127.756248394626,0.8114768492564987,255.07859796320403,816.2491214601712
78,2,143.7639062210515,0.9188560310576546,177.36476124404146,736.4455597233443
78,3,173.9732606902239,0.5,102.2107980864817,541.9970337167541
78,4,188.15202921174568,0.5,104.04188007883113,443.2799218222222
78,5,201.99999999999932,0.5,129.12645817328325,350.15736263363965
78,6,301.2135759851724,1.0563668083808504,707.2918678647311,157.90340323652606
78,7,318.49373479873356,0.5,799.5533039503077,234.91922345734963
78,8,332.20998257891597,0.5,853.864887922372,313.50699451269736
78,9,345.9999999999993,0.5,888.1182905103974,403.2312417601284
79,0,113.9444956240944,0.7826138457942053,337.6594121122729,865.5756194336093
79,1,128.5677252438825,0.8114768492564987,250.6242933295778,812.7487121038671
79,2,144.68276225210917,0.9188560310576546,173.61451938897284,731.2412550699136
79,3,174.4732606902239,0.5,101.85945607484064,538.5241130070282
79,4,188.65202921174568,0.5,104.55192672644313,439.82673895963774
79,5,202.49999999999932,0.5,130.4481869954834,346.92662705396856
79,6,302.26994279355324,1.0563668083808504,713.5635415511229,161.78318533795243
79,7,318.99373479873356,0.5,801.855134684812,237.5433794616451
79,8,332.70998257891597,0.5,855.4788516643258,316.60211010098226
79,9,346.4999999999993,0.5,888.9479681590694,406.62185445763305
80,0,114.7271094698886,0.7826138457942053,332.6812451167091,863.3241448958563
80,1,129.379202093139,0.8114768492564987,246.22000987081245,809.1855698606089
80,2,145.60161828316683,0.9188560310576546,169.9482179656108,725.9774793556297
80,3,174.9732606902239,0.5,101.53843400708331,535.0482585369446
80,4,189.15202921174568,0.5,105.09208827587435,436.3781385238517
80,5,202.99999999999932,0.5,131.79805861902202,343.70754860429486
80,6,303.3263096019341,1.0563668083808504,719.7626215193566,165.77793283067012
80,7,319.49373479873356,0.5,804.1339779821301,240.18752255373647
80,8,333.20998257891597,0.5,857.0657443154332,319.7111921486371
80,9,346.9999999999993,0.5,889.748025914093,410.0195782624494
81,0,115.5097233156828,0.7826138457942053,327.73429486932673,861.0048847811231
81,1,130.19067894239552,0.8114768492564987,241.86663102273246,805.5604094454088
81,2,146.5204743142245,0.9188560310576546,166.3667998802503,720.6555863282302
81,3,175.4732606902239,0.5,101.24775633028304,531.5697350062785
81,4,189.65202921174568,0.5,105.66232359173159,432.934383139139
81,5,203.49999999999932,0.5,133.17597024594846,340.50037242990584
81,6,304.38267641031496,1.0563668083808504,725.8870006014162,169.88628783509182
81,7,319.99373479873356,0.5,806.3896602995226,242.85145137189056
81,8,333.70998257891597,0.5,858.6254450276748,322.83400388702637
81,9,347.4999999999993,0.5,890.5184028479723,413.42415442475397
82,0,116.29233716147701,0.7826138457942053,322.81948432523757,858.6182717949898
82,1,131.00215579165203,0.8114768492564987,237.56503001043058,801.8739580132308
82,2,147.43933034528214,0.9188560310576546,162.87118620872974,715.2769446821723
82,3,175.9732606902239,0.5,100.98744518067019,528.0888073180645
82,4,190.15202921174568,0.5,106.26258924838766,429.49573506080554
82,5,203.99999999999932,0.5,134.5818169429577,337.30534276968433
82,6,305.4390432186958,1.0563668083808504,731.9345970213317,174.10685385459163
82,7,320.49373479873356,0.5,808.6220098580474,245.5349630476137
82,8,334.20998257891597,0.5,860.1578350238026,325.9703075019454
82,9,347.9999999999993,0.5,891.2590402935213,416.83532367289155
83,0,117.07495100727121,0.7826138457942053,317.9377304432321,856.1647512090981
83,1,131.81363264090854,0.8114768492564987,233.31606967311143,798.1269550131341
83,2,148.3581863763398,0.9188560310576546,159.46227595954713,709.8429377066294
83,3,176.4732606902239,0.5,100.75752038194685,524.6057405584229
83,4,190.65202921174568,0.5,106.89283953328885,426.0624561552155
83,5,204.49999999999932,0.5,136.0154916493807,334.12270293750873
83,6,306.4954100270767,1.0563668083808504,737.9033551028067,178.43819625019535
83,7,320.99373479873356,0.5,810.8308566556426,248.237853221102
83,8,334.70998257891597,0.5,861.6627976063855,329.11986415173175
83,9,348.4999999999993,0.5,891.9698818483309,420.25282623311654
84,0,117.85756485306541,0.7826138457942053,313.08994401470216,853.6447807780751
84,1,132.62510949016504,0.8114768492564987,229.12060229101866,794.3201520399505
84,2,149.27704240739746,0.9188560310576546,156.14094584265104,704.3549629297349
84,3,176.9732606902239,0.5,100.55799944377651,521.1207999763728
84,4,191.15202921174568,0.5,107.55302645043582,422.63480787985014
84,5,204.99999999999932,0.5,137.47688518533795,330.9526953037247
84,6,307.55177683545753,0.5,743.7912459679777,182.87884272823896
84,7,321.49373479873356,0.5,813.0160324800731,250.95991605680456
84,8,335.20998257891597,0.5,863.1402181666963,332.28243398545203
84,9,348.9999999999993,0.5,892.6508733790647,423.67640184937727
85,0,118.64017869885961,0.7826138457942053,308.2770294937137,851.0588306541308
85,1,133.43658633942155,0.8114768492564987,224.9794694144794,790.4543126835247
85,2,150.19589843845512,0.9188560310576546,152.90805004396714,698.8144317591627
85,3,177.4732606902239,0.5,100.38889756045114,517.6342509636322
85,4,191.65202921174568,0.5,108.24309972403887,419.2130512633962
85,5,205.49999999999932,0.5,138.9658862600537,327.7955612766862
85,6,308.05177683545753,0.5,746.5493321805669,185.0183706923268
85,7,321.99373479873356,0.5,815.1773709217391,253.70094425909699
85,8,335.70998257891597,0.5,864.5899841934391,335.45777616116953
85,9,349.4999999999993,0.5,893.301963025581,427.1057898031363
86,0,119.42279254465382,0.7826138457942053,303.49988482826245,848.407383299341
86,1,134.24806318867806,0.8114768492564987,220.89350169510163,786.53021237555
86,2,151.11475446951277,0.9188560310576546,149.76442000571677,693.2227691191388
86,3,177.9732606902239,0.5,100.25022760973377,514.1463590344068
86,4,192.15202921174568,0.5,108.96300680234646,415.7974468858678
86,5,205.99999999999932,0.5,140.48238148033107,324.65154128437337
86,6,308.55177683545753,0.5,749.2886427069558,187.1818857269871
86,7,322.49373479873356,0.5,817.314707386351,256.4607290880699
86,8,336.20998257891597,0.5,866.0119852813182,338.64564886428354
86,9,349.9999999999993,0.5,893.9231012048824,430.5407289332233
87,0,120.20540639044802,0.7826138457942053,298.75940129274386,845.6909333956346
87,1,135.05954003793457,0.8114768492564987,216.8635187191574,782.5486382340271
87,2,152.03361050057043,0.9188560310576546,146.71086421258497,687.5814130839765
87,3,178.4732606902239,0.5,100.14200015187811,510.65738980517096
87,4,192.65202921174568,0.5,109.71269286164727,412.3882548587627
87,5,206.49999999999932,0.5,142.02625535918781,321.5208747560808
87,6,309.05177683545753,0.5,752.0089689380426,189.36922307217418
87,7,322.99373479873356,0.5,819.4278791074614,259.2390603754235
87,8,336.70998257891597,0.5,867.406113139445,341.84580932594497
87,9,350.4999999999993,0.5,894.5142406148918,433.9809576557242
88,0,120.98802023624222,0.7826138457942053,294.05646332166646,842.9099877525002
88,1,135.87101688719108,0.8114768492564987,212.8903288431856,778.5103889053798
88,2,152.9524665316281,0.9188560310576546,143.74816798379328,681.8918145082303
88,3,178.9732606902239,0.5,100.0642234288241,507.1676089744399
88,4,193.15202921174568,0.5,110.49210081044538,408.9857348052527
88,5,206.99999999999932,0.5,143.5973903246507,318.4038001041856
88,6,309.55177683545753,0.5,754.7101037104524,191.58021615368017
88,7,323.49373479873356,0.5,821.5167251588623,262.035726540473
88,8,337.20998257891597,0.5,868.7722615995857,345.0580138415454
88,9,350.9999999999993,0.5,895.0753362380544,437.426213983903
89,0,121.77063408203642,0.7826138457942053,289.3919483446433,840.0650652124306
89,1,136.68249373644758,0.8114768492564987,208.97472903184718,774.4162744042584
89,2,153.87132256268575,0.9188560310576546,140.87709327112947,676.1554366535615
89,3,179.4732606902239,0.5,100.0169033635703,503.6772823025348
89,4,193.65202921174568,0.5,111.30117129380801,405.59014584041336
89,5,207.49999999999932,0.5,145.1956667287091,315.30055470599063
89,6,310.05177683545753,0.5,757.3918413223139,193.8146965958216
89,7,323.99373479873356,0.5,823.5810864668401,264.8505146062629
89,8,337.70998257891597,0.5,870.1103266242455,348.2820177892737
89,9,351.4999999999993,0.5,895.6063453447659,440.8762355481509
90,0,122.55324792783063,0.7826138457942053,284.7667266226894,837.1566965541214
90,1,137.4939705857041,0.8114768492564987,205.1175046980659,770.2671159510621
90,2,154.7901785937434,0.9188560310576546,138.09837846298745,670.3737548124151
90,3,179.9732606902239,0.5,100.00004355972288,500.1866755913453
90,4,194.15202921174568,0.5,112.13984269788534,402.2017465514907
90,5,207.99999999999932,0.5,146.820962856427,312.21137488564784
90,6,310.55177683545753,0.5,760.0539775489262,196.07249423426214
90,7,324.49373479873356,0.5,825.620805822288,267.6832102157835
90,8,338.20998257891597,0.5,871.4202063145929,351.5175756487478
90,9,351.9999999999993,0.5,896.1072274966275,444.3307596159691
91,0,123.33586177362483,0.7826138457942053,280.18166108585615,834.1854243934445
91,1,138.3054474349606,0.8114768492564987,201.31942954548538,766.0637458072139
91,2,155.70903462480106,0.9188560310576546,135.41273819446735,664.5482559285998
91,3,180.4732606902239,0.5,100.01364530122117,496.6960546640867
91,4,194.65202921174568,0.5,113.00805115460281,398.8207949782097
91,5,208.49999999999932,0.5,148.4731549352116,309.1364958961608
91,6,311.05177683545753,0.5,762.6963096583081,198.35343712896992
91,7,324.99373479873356,0.5,827.6357278926805,270.5335976482975
91,8,338.70998257891597,0.5,872.7018009182173,354.76444101970935
91,9,352.4999999999993,0.5,896.5779445495236,447.78952311197475
92,0,124.11847561941903,0.7826138457942053,275.6376071722344,831.151803082211
92,1,139.1169242842171,0.8114768492564987,197.58126541327528,761.8070071082211
92,2,156.62789065585872,0.9188560310576546,132.82086316358397,658.680438214874
92,3,180.9732606902239,0.5,100.05770755223995,493.205685345057
92,4,195.15202921174568,0.5,113.90573054652509,395.44754859312224
92,5,208.99999999999932,0.5,150.15211714423936,306.0761519014694
92,6,311.55177683545753,0.5,765.3186364266392,200.65735157731223
92,7,325.49373479873356,0.5,829.6256992339007,273.4014598357658
92,8,339.20998257891597,0.5,873.9550128367282,358.0223666407892
92,9,352.9999999999993,0.5,897.0184606565282,451.25226263793616
93,0,124.90108946521323,0.7826138457942053,271.13541266835534,828.0563986047459
93,1,139.9284011334736,0.8114768492564987,193.90376212331773,757.4977536945546
93,2,157.54674668691638,0.9188560310576546,130.32341995363208,652.7718107676326
93,3,181.4732606902239,0.5,100.13222695726813,489.71583343939375
93,4,195.65202921174568,0.5,114.83281251189106,392.0822642820007
93,5,209.49999999999932,0.5,151.8577216240377,303.0305759586174
93,6,312.05177683545753,0.5,767.9207581535837,202.9840621272843
93,7,325.99373479873356,0.5,831.5905683019262,276.28657837937936
93,8,339.70998257891597,0.5,875.1797466331858,361.2911044083384
93,9,353.4999999999993,0.5,897.4287422706345,454.7187144928326
94,0,125.68370331100743,0.7826138457942053,266.6759175510174,824.8997884722924
94,1,140.73987798273012,0.8114768492564987,190.28765732980355,753.1368499403807
94,2,158.46560271797404,0.9188560310576546,127.92105086175309,646.8238931787939
94,3,181.9732606902239,0.5,100.2371978413646,486.22676471283086
94,4,196.15202921174568,0.5,115.78922644981964,388.72519832427463
94,5,209.99999999999932,0.5,153.58983848622216,300.0000000000041
94,6,312.55177683545753,0.5,770.5024766774973,205.3333915908692
94,7,326.49373479873356,0.5,833.5301854643708,279.1887335661912
94,8,340.20998257891597,0.5,876.3759090393698,364.57040539532
94,9,353.9999999999993,0.5,897.8087581473088,458.1886146929337
95,0,126.46631715680164,0.7826138457942053,262.2599538305723,821.6825616152644
95,1,141.55135483198663,0.8114768492564987,186.73367637126967,748.7251705801798
95,2,159.3844587490317,0.9188560310576546,125.6143737337481,640.8382151449895
95,3,182.4732606902239,0.5,100.37261221059003,482.7387448714603
95,4,196.65202921174568,0.5,116.77489952568658,385.37660637351394
95,5,210.49999999999932,0.5,155.3483358233873,296.9846548157225
95,6,313.05177683545753,0.5,773.0635953905191,207.7051610575328
95,7,326.99373479873356,0.5,835.4444030118775,282.1077043858477
95,8,340.70998257891597,0.5,877.543408962882,367.860019870268
95,9,354.4999999999993,0.5,898.158479346871,461.6616989919056
96,0,127.24893100259584,0.7826138457942053,257.8883453956961,818.4053182733703
96,1,142.36283168124314,0.8114768492564987,183.2425321251062,744.2636005332879
96,2,160.30331478008935,0.9188560310576546,123.40398180517872,634.8163160741526
96,3,182.9732606902239,0.5,100.538459752616,479.25203954149725
96,4,197.15202921174568,0.5,117.78975667667089,382.0367434379605
96,5,210.99999999999932,0.5,157.13307971915265,293.9847700359824
96,6,313.55177683545753,0.5,775.6039192535434,210.09918990784735
96,7,327.49373479873356,0.5,837.3330751693688,285.0432685474192
96,8,341.20998257891597,0.5,878.682157494083,371.15969731630366
96,9,354.9999999999993,0.5,898.4778792366978,465.1377029009321
97,0,128.03154484839004,0.7826138457942053,253.56190785967593,815.0686698836257
97,1,143.17430853049964,0.8114768492564987,179.8149248645641,739.7530347263936
97,2,161.222170811147,0.9188560310576546,121.29044354879801,628.7597446896112
97,3,183.4732606902239,0.5,100.73472783751004,475.7669142490523
97,4,197.65202921174568,0.5,118.83372061747139,378.7058638611077
97,5,211.49999999999932,0.5,158.94393425836057,291.00057411362457
97,6,314.05177683545753,0.5,778.1232548110721,212.51529582724675
97,7,327.99373479873356,0.5,839.1960581071482,287.99520249632997
97,8,341.70998257891597,0.5,879.7920679128631,374.4691864502138
97,9,355.4999999999993,0.5,898.7669334932508,468.61636170885714
98,0,128.81415869418424,0.7826138457942053,249.28144840824032,811.6732389662773
98,1,143.98578537975615,0.8114768492564987,176.45154211829015,735.1943779140297
98,2,162.14102684220467,0.9188560310576546,119.27430252834961,622.6700586317841
98,3,183.9732606902239,0.5,100.96140151869753,472.28363439990954
98,4,198.15202921174568,0.5,119.90671184619214,375.38422130233107
98,5,211.99999999999932,0.5,160.7807615374271,288.03229430672206
98,6,314.55177683545753,0.5,780.6214102059494,214.9532948199115
98,7,328.49373479873356,0.5,841.0332099518516,290.9632814313802
98,8,342.20998257891597,0.5,880.8730556952469,377.78823524158844
98,9,355.9999999999993,0.5,899.0256201039294,472.09741050234516
99,0,129.59677253997845,0.7826138457942053,245.0477656489627,808.2196590086585
99,1,144.79726222901266,0.8114768492564987,173.15305853241847,730.5885444970919
99,2,163.05988287326232,0.9188560310576546,117.35607725877253,616.5488240575836
99,3,184.4732606902239,0.5,101.21846353410018,468.80246525931545
99,4,198.65202921174568,0.5,121.00864865039688,372.0720687175718
99,5,212.49999999999932,0.5,162.64342167484318,285.0801566612745
99,6,315.05177683545753,0.5,783.0981951939693,217.4130012227787
99,7,328.99373479873356,0.5,842.8443907972535,293.94727932186834
99,8,342.70998257891597,0.5,881.9250385198295,381.1165909320115
99,9,356.4999999999993,0.5,899.2539193687464,475.5805841860523
100,0,130.37938638577265,0.7826138457942053,240.86164946226415,804.7085743470005
100,1,145.60873907826917,0.8114768492564987,169.92013573524662,725.9364583394233
100,2,163.97873890431998,0.9188560310576546,115.53626107284924,610.3976152376295
100,3,184.9732606902239,0.5,101.5058943074502,465.3236719317781
100,4,199.15202921174568,0.5,122.13944711333147,368.76965834007297
100,5,212.99999999999932,0.5,164.53177282182781,282.1443859939932
100,6,315.55177683545753,0.5,785.5534211583661,219.894227719683
100,7,329.49373479873356,0.5,844.6294627149202,296.9469689248017
100,8,343.20998257891597,0.5,882.947936274046,384.4540000543106
100,9,356.9999999999993,0.5,899.4518139018294,479.06561750281764
101,0,131.16200023156685,0.7826138457942053,236.72388085404543,801.1406400462168
101,1,146.42021592752567,0.8114768492564987,166.7534222045221,721.2390525825007
101,2,164.89759493537764,0.9188560310576546,113.81532199432866,604.2180141513738
101,3,185.4732606902239,0.5,101.82367194978144,461.84751934087774
101,4,199.65202921174568,0.5,123.29902112031499,365.4772416611704
101,5,213.49999999999932,0.5,166.44567117313005,279.22520587518073
101,6,316.05177683545753,0.5,787.9869011241767,222.39678535562007
101,7,329.99373479873356,0.5,846.3882897647137,299.9621218022029
101,8,343.70998257891597,0.5,883.9416710602718,387.80020845186044
101,9,357.4999999999993,0.5,899.6192886327428,482.55224505386093
102,0,131.94461407736105,0.7826138457942053,232.63523180997396,797.5165217776882
102,1,147.23169277678218,0.8114768492564987,163.65355313736717,716.4972694582592
102,2,165.8164509664353,0.9188560310576546,112.19370261755944,598.0116100802456
102,3,185.9732606902239,0.5,102.17177226109595,458.37427220909314
102,4,200.15202921174568,0.5,124.4872823652974,362.1950694111415
102,5,213.99999999999932,0.5,168.38497097798057,276.3228386117053
102,6,316.55177683545753,0.5,790.3984497724798,224.9204835511366
102,7,330.49373479873356,0.5,848.1207380051451,302.99250833850726
102,8,344.20998257891597,0.5,884.9061672017559,391.1549612979355
102,9,357.9999999999993,0.5,899.756330807638,486.0402013189947
103,0,132.72722792315525,0.7826138457942053,228.5964651514543,793.836895695068
103,1,148.0431696260387,0.8114768492564987,160.6211503228676,711.7120601000953
103,2,166.73530699749296,0.9188560310576546,110.67181999366255,591.7799991989156
103,3,186.4732606902239,0.5,102.5501687322074,454.90419503764036
103,4,200.65202921174568,0.5,125.70414035758427,358.9233915401103
103,5,214.49999999999932,0.5,170.34952455119105,273.43750523007077
103,6,317.05177683545753,0.5,792.7878834545097,227.46513011684465
103,7,330.99373479873356,0.5,849.8266755035729,306.0378977580468
103,8,344.70998257891597,0.5,885.8413512483828,394.51800311511874
103,9,358.4999999999993,0.5,899.8629299902227,489.52922067684597
104,0,133.50984176894946,0.7826138457942053,224.6083343933081,790.1024483081313
104,1,148.8546464752952,0.8114768492564987,157.65682201735058,706.8843843520822
104,2,167.6541630285506,0.9188560310576546,109.25006552327329,585.5247841647894
104,3,186.9732606902239,0.5,102.95883254675948,451.437552086331
104,4,201.15202921174568,0.5,126.9495024287283,355.6624571990135
104,5,214.99999999999932,0.5,172.33918228440052,270.5694254595855
104,6,317.55177683545753,0.5,795.1550202056399,230.0305312680557
104,7,331.49373479873356,0.5,851.5059723462523,309.09805814262734
104,8,345.20998257891597,0.5,886.7471519822666,397.88907779475494
104,9,358.9999999999993,0.5,899.9390780625564,493.01903742508193
105,0,134.29245561474366,0.7826138457942053,220.6715836031903,786.3138763546931
105,1,149.6661233245517,0.8114768492564987,154.7611628223774,702.0152105764389
105,2,168.57301905960827,0.9188560310576546,107.92880485588012,579.247573705833
105,3,187.4732606902239,0.5,103.39773258342058,447.9746073534472
105,4,201.65202921174568,0.5,128.22327373958603,352.41251472062675
105,5,215.49999999999932,0.5,174.3537926574695,267.718817715628
105,6,318.05177683545753,0.5,797.4996797592426,232.6164916395402
105,7,331.99373479873356,0.5,853.1585006482269,312.1727564491871
105,8,345.70998257891597,0.5,887.6235004231743,401.26792861645515
105,9,359.4999999999993,0.5,899.9847692256685,496.5093858006456
106,0,135.07506946053786,0.7826138457942053,216.78694726276854,782.4718866706176
106,1,150.4776001738082,0.8114768492564987,151.93475356547464,697.1055154592917
106,2,169.49187509066593,0.9188560310576546,106.70837779578613,572.9499822068375
106,3,187.9732606902239,0.5,103.86683541825346,444.5156245556381
106,4,202.15202921174568,0.5,129.52535728754066,349.1738116006521
106,5,215.99999999999932,0.5,176.3932022500182,264.8858990830147
106,6,318.55177683545753,0.5,799.8216835604148,235.22281430040368
106,7,332.49373479873356,0.5,854.784134563068,315.2617585275458
106,8,346.20998257891597,0.5,888.4703298337795,404.6542982676484
106,9,359.9999999999993,0.5,900.0,499.9999999999953
107,0,135.85768330633206,0.7826138457942053,212.95515013068967,778.577196057942
107,1,151.28907702306472,0.8114768492564987,149.1781611836289,692.156283814764
107,2,170.4107311217236,0.9188560310576546,105.58909821471786,566.6336292942277
107,3,188.4732606902239,0.5,104.36610532726121,441.06086710783563
107,4,202.65202921174568,0.5,130.85565391388872,345.9465944788714
107,5,216.49999999999932,0.5,178.4572557531103,262.07088529946725
107,6,319.05177683545753,0.5,802.1208547795767,237.8493007690845
107,7,332.99373479873356,0.5,856.3827502924598,318.364829138236
107,8,346.70998257891597,0.5,889.2875757247438,408.0479288631741
107,9,0.4999999999993179,0.5,899.9847692256685,503.4906141993448
108,0,136.64029715212627,0.7826138457942053,209.1769071073619,774.6305311511449
108,1,152.10055387232123,0.8114768492564987,146.4919386095674,687.1685083874371
108,2,171.32958715278124,0.9188560310576546,104.57125397110303,560.3001394195243
108,3,188.9732606902239,0.5,104.89550428910712,437.610598103195
108,4,203.15202921174568,0.5,132.21406231139173,342.73110912036304
108,5,216.99999999999932,0.5,180.54579598108,259.27399073918446
108,6,319.55177683545753,0.5,804.3970183259389,240.49575102846973
108,7,333.49373479873356,0.5,857.9542260956248,321.48173197041626
108,8,347.20998257891597,0.5,890.0751758596285,411.4485619649241
108,9,0.9999999999993179,0.5,899.9390780625565,506.98096257490863
109,0,137.42291099792047,0.7826138457942053,205.45292310157504,770.6326282815753
109,1,152.91203072157774,0.8114768492564987,143.87662466084709,682.1431896532198
109,2,172.2484431838389,0.9188560310576546,103.65510683603816,553.9511414415641
109,3,189.4732606902239,0.5,105.45499198801076,434.16508029305925
109,4,203.65202921174568,0.5,133.60047903199086,339.52760039678657
109,5,217.49999999999932,0.5,182.65866388350298,256.49542839651554
109,6,320.05177683545753,0.5,806.6500008608348,243.16196354112571
109,7,333.99373479873356,0.5,859.4984422985966,324.61222965986883
109,8,347.70998257891597,0.5,890.8330702596342,414.85593860152136
109,9,1.4999999999993179,0.5,899.862929990223,510.4707793231445
110,0,138.20552484371467,0.7826138457942053,201.7838928989854,766.5842333400763
110,1,153.72350757083424,0.8114768492564987,141.33274393177646,677.081335618668
110,2,173.16729921489656,0.9188560310576546,102.84089242596644,547.588268207587
110,3,189.9732606902239,0.5,106.04452581681755,430.7245760669492
110,4,204.15202921174568,0.5,135.01479849468512,336.336312267734
110,5,217.99999999999932,0.5,184.79569855730824,253.7354098697405
110,6,320.55177683545753,0.5,808.8796308109211,245.84773526464662
110,7,334.49373479873356,0.5,861.0152813033326,327.7560838070742
110,8,348.20998257891597,0.5,891.5612012081676,418.2697992880424
110,9,1.9999999999993179,0.5,899.7563308076385,513.9597986809956
111,0,138.98813868950887,0.7826138457942053,198.17050103248948,762.4861016378231
111,1,154.53498442009075,0.8114768492564987,138.86080668818875,671.9839616187924
111,2,174.08615524595422,0.9188560310576546,102.12882014208111,541.2131561332974
111,3,190.4732606902239,0.5,106.66406088024411,427.2893474325826
111,4,204.65202921174568,0.5,136.45691299357162,333.1574877621521
111,5,218.49999999999932,0.5,186.9567372590314,250.994145344956
111,6,321.05177683545753,0.5,811.0857383812452,248.5528616671179
111,7,334.99373479873356,0.5,862.5046275966697,330.91305499536674
111,8,348.70998257891597,0.5,892.2595132552383,421.6898840457793
111,9,2.499999999999318,0.5,899.6192886327433,517.4477549461296
112,0,139.77075253530307,0.7826138457942053,194.6134216545102,758.3389977654051
112,1,155.34646126934726,0.8114768492564987,136.4613087650904,666.8520901133968
112,2,175.00501127701187,0.9188560310576546,101.51907311647125,534.8274447820078
112,3,190.9732606902239,0.5,107.3135499982966,423.8596559959197
112,4,205.15202921174568,0.5,137.92671270604797,329.99136895983406
112,5,218.99999999999932,0.5,189.14161541720864,248.2718435800687
112,6,321.55177683545753,0.5,813.2681555681738,251.27713674269017
112,7,335.49373479873356,0.5,863.9663677591216,334.08290280916844
112,8,349.20998257891597,0.5,892.9279532216801,425.11593242203577
112,9,2.999999999999318,0.5,899.4518139018298,520.9343824971728
113,0,140.55336638109728,0.7826138457942053,191.1133184112195,754.1436954501751
113,1,156.15793811860377,0.8114768492564987,134.13473146720344,661.686750481988
113,2,175.92386730806953,0.9188560310576546,101.01180816502358,528.4327764429722
113,3,191.4732606902239,0.5,107.99294370986411,420.43576294124205
113,4,205.65202921174568,0.5,139.42408570117556,326.83819697298475
113,5,219.49999999999932,0.5,191.350166644909,245.5687118888981
113,6,322.05177683545753,0.5,815.4267161721893,254.0203530272694
113,7,335.99373479873356,0.5,865.4003904735157,337.26538585229537
113,8,349.70998257891597,0.5,893.5664702032018,428.5476835099641
113,9,3.499999999999318,0.5,899.2539193687471,524.419415813938
114,0,141.33598022689148,0.7826138457942053,187.67084431872212,749.9009774118942
114,1,156.96941496786027,0.8114768492564987,131.88154147242284,656.488978817297
114,2,176.8427233391272,0.9188560310576546,100.60715574709229,522.0307957090201
114,3,191.9732606902239,0.5,108.70219027648517,417.01792901126174
114,4,206.15202921174568,0.5,140.94891794820342,323.6982119278593
114,5,219.99999999999932,0.5,193.5822227524057,242.88495612538793
114,6,322.55177683545753,0.5,817.561255810544,256.78230161431463
114,7,336.49373479873356,0.5,866.8065865334698,340.460261766342
114,8,350.20998257891597,0.5,894.1750155742629,431.984875968432
114,9,3.999999999999318,0.5,899.02562010393,527.9025894976454
115,0,142.11859407268568,0.7826138457942053,184.28664164122165,745.6116352167006
115,1,157.78089181711678,0.8114768492564987,129.70219073820755,651.2598177174532
115,2,177.76157937018485,0.9188560310576546,100.30521993194719,515.6231490535964
115,3,192.4732606902239,0.5,109.44123568628777,413.6064144872655
115,4,206.65202921174568,0.5,142.5010933252522,320.57165294647564
115,5,220.49999999999932,0.5,195.8376137599845,240.22078066793023
115,6,323.05177683545753,0.5,819.6716119297803,259.56277217074717
115,7,336.99373479873356,0.5,868.1848488517102,343.66728724913867
115,8,350.70998257891597,0.5,894.7535429917773,435.4272480419258
115,9,4.499999999999318,0.5,898.7669334932516,531.3836382911333
116,0,142.90120791847988,0.7826138457942053,180.9613417711933,741.2764691294255
116,1,158.5923686663733,0.8114768492564987,127.59711641092451,646.0003160768548
116,2,178.6804354012425,0.5,100.10607837200911,509.2114844073181
116,3,192.9732606902239,0.5,110.21002365810256,410.2014791692925
116,4,207.15202921174568,0.5,144.08049362815763,317.45875812840524
116,5,220.99999999999932,0.5,198.11616791088812,237.57638840380065
116,6,323.55177683545753,0.5,821.7576238181091,262.3615529529699
116,7,337.49373479873356,0.5,869.5350724682248,346.88621807327775
116,8,351.20998257891597,0.5,895.3020083986426,438.87453758048514
116,9,4.999999999999318,0.5,898.4778792366986,534.8622970990585
117,0,143.6838217642741,0.7826138457942053,177.69556511158424,736.8962879642883
117,1,159.4038455156298,0.8114768492564987,125.56674073816316,640.7115288757752
117,2,179.1804354012425,0.5,100.04092076152801,505.7214451595468
117,3,193.4732606902239,0.5,111.00849564574901,406.8033823563498
117,4,207.65202921174568,0.5,145.68699857947178,314.3597645326403
117,5,221.49999999999932,0.5,200.41771168439595,234.95198071370856
117,6,324.05177683545753,0.5,823.8191326176488,265.1784308229895
117,7,337.99373479873356,0.5,870.8571545582579,350.1168091047149
117,8,351.70998257891597,0.5,895.8203700270942,442.3264820596646
117,9,5.499999999999318,0.5,898.158479346872,538.3383010080848
118,0,144.4664356100683,0.7826138457942053,174.48992096006532,732.4719089339947
118,1,160.2153223648863,0.8114768492564987,123.61147098403893,635.3945169687497
118,2,179.6804354012425,0.5,100.00622158343549,502.2309702015752
118,3,193.9732606902239,0.5,111.83659084249393,403.41238282666603
118,4,208.15202921174568,0.5,147.32048583762253,311.27490815954184
118,5,221.99999999999932,0.5,202.7420698090391,232.34775745646027
118,6,324.55177683545753,0.5,825.8559813365232,268.0131912646509
118,7,338.49373479873356,0.5,872.1509944401394,353.35881432143515
118,8,352.20998257891597,0.5,896.3085884018874,445.782818600527
118,9,5.999999999999318,0.5,897.8087581473098,541.8113853070566
119,0,145.2490494558625,0.7826138457942053,171.34500739535332,728.0041574972695
119,1,161.0267992141428,0.8114768492564987,121.73169934750149,630.0503468717827
119,2,180.1804354012425,0.5,100.00198348020831,498.74032534658517
119,3,194.4732606902239,0.5,112.69424618568195,400.02873881798405
119,4,208.65202921174568,0.5,148.98083100623097,308.2044239328659
119,5,222.49999999999932,0.5,205.08906527594712,229.76391695373945
119,6,325.05177683545753,0.5,827.8680148608161,270.865618399971
119,7,338.99373479873356,0.5,873.4164935829531,356.6119868321889
119,8,352.70998257891597,0.5,896.7666263433027,449.2432839896636
119,9,6.499999999999318,0.5,897.4287422706356,545.2812855071579
120,0,146.0316633016567,0.7826138457942053,168.26141116562764,723.4938672048502
120,1,161.83827606339932,0.8114768492564987,119.92780288366589,624.680090548421
120,2,180.6804354012425,0.5,100.02820677459437,495.24977642069683
120,3,194.9732606902239,0.5,113.58139636153811,396.65270800789574
120,4,209.15202921174568,0.5,150.66790764358433,305.1485456818742
120,5,222.99999999999932,0.5,207.4585193523285,227.20065597500417
120,6,325.55177683545753,0.5,829.8550799663844,273.7354950055795
120,7,339.49373479873356,0.5,874.6535556140398,359.876078895295
120,8,353.20998257891597,0.5,897.1944489699777,452.7076146992367
120,9,6.999999999999318,0.5,897.0184606565294,548.7477373620543
121,0,146.74329776245764,0.7116344608009403,165.51119483365716,719.3564205087063
121,1,162.51662157513877,0.6783455117394562,118.47834170703527,620.1716449641357
121,2,181.25280689315147,0.5511133754446392,100.0956171282786,491.2544548490288
121,3,195.52437406566852,0.5,114.59332769810408,392.9406849210262
121,4,209.65202921174568,0.5,152.38158727226477,302.10750612352695
121,5,223.54003149208123,0.5400314920818996,210.04269859784034,224.45551472842504
121,6,326.1885892599359,0.6368124244783635,832.3494655003974,277.4155603336116
121,7,340.1750119046722,0.6588705952932405,876.2931790241023,364.34070831699387
121,8,353.8688531742092,0.5,897.7120122028164,457.2781630827176
121,9,7.499999999999318,0.5,896.5779445495248,552.2104768880159
122,0,147.74329776245764,1,161.73384169347133,713.4853768869018
122,1,163.51662157513877,1,116.43916491338393,613.4948711953881
122,2,182.25280689315147,1,100.30915531126072,484.27649301198704
122,3,196.52437406566852,1,116.52046968071022,386.2307166846124
122,4,210.65202921174568,1,155.8882314742707,296.07086828485023
122,5,224.54003149208123,1,214.89577484779517,219.43702881463327
122,6,327.1885892599359,1,836.1834811747037,283.2497589730116
122,7,341.1750119046722,1,878.6034488457658,370.92859138410415
122,8,354.8688531742092,1,898.3970375986241,464.2257015073613
122,9,8.499999999999318,1,895.6063453447674,559.1237644518395
123,0,148.74329776245764,1,158.05952770196348,707.5493035512181
123,1,164.51662157513877,1,114.51682446573716,606.7835257894246
123,2,183.25280689315147,1,100.64444319742717,477.3033207074907
123,3,197.52437406566852,1,118.56442324310126,379.55540367400454
123,4,211.65202921174568,1,159.49969545445504,290.0963492352
123,5,225.54003149208123,1,219.83569660659816,214.50400509973895
123,6,328.1885892599359,1,839.9150921039618,289.1499818355351
123,7,342.1750119046722,1,880.798392389297,377.5557908526212
123,8,355.8688531742092,1,898.9607073974207,471.1841371298792
123,9,9.499999999999318,1,894.5142406148933,566.0190423442664
124,0,149.74329776245764,1,154.48937209076934,701.5500086870977
124,1,165.51662157513877,1,112.71190592761758,600.0396530870707
124,2,184.25280689315147,1,101.10137865483983,470.33706203137467
124,3,198.52437406566852,1,120.72456577722181,372.9167792542105
124,4,212.65202921174568,1,163.21487912590447,284.1857688709549
124,5,226.54003149208123,1,224.86095912622716,209.6579462305532
124,6,329.1885892599359,1,843.5431616033336,295.11443165614173
124,7,343.1750119046722,1,882.8773410536294,384.2202880133883
124,8,356.8688531742092,1,899.402849899925,478.151350343373
124,9,10.499999999999318,1,893.3019630255826,572.8942101968543
125,0,150.74329776245764,1,151.02446236387294,695.4893197378723
125,1,166.51662157513877,1,111.02495909469638,593.2653073372804
125,2,185.25280689315147,1,101.67982249653193,463.3798389735151
125,3,199.52437406566852,1,123.00023928273032,366.3168656145383
125,4,213.65202921174568,1,167.0326508076829,278.3409276121513
125,5,227.54003149208123,1,229.97003166303818,204.90032836355203
125,6,330.1885892599359,1,847.0665845277035,301.14129160563675
125,7,344.1750119046722,1,884.8396615708608,390.92005279600977
125,8,357.8688531742092,1,899.7233304252472,485.12521886720475
125,9,11.499999999999318,1,891.9698818483328,579.7471737668742
126,0,151.74329776245764,1,147.66585396634252,689.3690828481074
126,1,167.51662157513877,1,109.45649782732085,586.462552071394
126,2,186.25280689315147,1,102.37959852290578,456.4337707714518
126,3,200.52437406566852,1,125.39075056743195,359.7576731526176
126,4,214.65202921174568,1,170.95184756955246,272.56360585405645
126,5,228.54003149208123,1,235.16135794404357,200.23260071522623
126,6,331.1885892599359,1,850.4842876083169,307.2287258440962
126,7,345.1750119046722,1,886.6847561991523,397.65304438723075
126,8,358.8688531742092,1,899.9220513519153,492.1036183934651
126,9,12.499999999999318,1,890.5184028479744,586.5758455752365
127,0,152.74329776245764,1,144.41456996283137,683.1911623012471
127,1,168.51662157513877,1,108.00699989398686,579.633459474565
127,2,187.25280689315147,1,103.20049357540483,449.50097326484706
127,3,201.52437406566852,1,127.89537145843212,353.2411998620124
127,4,215.65202921174568,1,174.97127558621332,266.8555634248445
127,5,229.54003149208123,1,240.43335664096884,195.6561851206344
127,6,332.1885892599359,1,853.7952297797071,313.3748800800808
127,7,346.1750119046722,1,888.4120629048062,404.41721185258893
127,8,359.8688531742092,1,899.9989521476095,499.08442323405654
127,9,13.499999999999318,1,888.9479681590717,593.3781455423575
128,0,153.74329776245764,1,141.27160072594307,676.9574399517375
128,1,169.51662157513877,1,106.67690682580673,572.7801097545535
128,2,188.25280689315147,1,104.14225760144404,442.58355825098073
128,3,202.52437406566852,1,130.5133390239444,346.76943072361394
128,4,216.65202921174568,1,179.08971050095465,261.218539049534
128,5,230.54003149208123,1,245.7844218519397,191.17247560029978
128,6,333.1885892599359,1,856.9984024968153,319.57788213547144
128,7,347.1750119046722,1,890.0210555334671,411.21049476114774
128,8,0.8688531742092209,1,899.9540093876028,506.0655069682003
128,9,14.499999999999318,1,887.2590561512443,600.152001621772
129,0,154.74329776245764,1,138.2379036345535,670.6698146517931
129,1,170.51662157513877,1,105.46662378201376,565.9045905080741
129,2,189.25280689315147,1,105.2046037305779,435.6836328414769
129,3,203.52437406566852,1,133.24385580568776,340.3443371009946
129,4,217.65202921174568,1,183.3058977986051,255.65424982035717
129,5,231.54003149208123,1,251.21292359065603,186.78283793557665
129,6,334.1885892599359,1,860.0928300422017,325.83584251575166
129,7,348.1750119046722,1,891.5112439703937,418.0308238131256
129,8,1.868853174209221,1,899.7872367618952,513.0447430901636
129,9,15.499999999999318,1,885.4521812834505,606.8953504312982
130,0,155.74329776245764,1,135.31440278218514,664.3302016729905
130,1,171.51662157513877,1,104.37651942654742,559.0089960848935
130,2,190.25280689315147,1,106.38720836188423,428.803298820456
130,3,204.52437406566852,1,136.08609006179915,333.96787613991364
130,4,218.65202921174568,1,187.61855318767073,250.16439067371545
130,5,232.54003149208123,1,256.7172082829012,182.48860925262107
130,6,335.1885892599359,1,863.0775698232596,332.14685498556764
130,7,349.1750119046722,1,892.8821742897524,424.87612147022315
130,8,2.868853174209221,1,899.4986850710438,520.0200056570144
130,9,16.499999999999318,1,883.5278939472785,613.6061378815645
131,0,156.74329776245764,1,132.50198869551804,657.9405321228558
131,1,172.51662157513877,1,103.4069258157545,552.0954269498727
131,2,191.25280689315147,1,107.68971126253632,421.9446520043125
131,3,205.52437406566852,1,139.039176020191,327.6419901721497
131,4,219.65202921174568,1,192.0263629915425,244.75063387388624
131,5,233.54003149208123,1,262.29559927023695,178.29109761508892
131,6,336.1885892599359,1,865.951712659338,338.508997149385
131,7,350.1750119046722,1,894.1334288928873,431.74430258846263
131,8,3.868853174209221,1,899.0884422106893,526.989169936204
131,9,17.499999999999318,1,881.4867802992921,620.2823198017047
132,0,157.74329776245764,1,129.80151806312733,651.502752356632
132,1,173.51662157513877,1,102.55813829724138,545.1659890431431
132,2,192.25280689315147,1,109.11171567753291,415.10978160330745
132,3,206.52437406566852,1,142.10221414227306,321.3686061238489
132,4,220.65202921174568,1,196.52798454865456,239.41462850363536
132,5,234.54003149208123,1,267.94639732072903,174.1915816256875
132,6,337.1885892599359,1,868.7143830586864,344.920331037069
132,7,351.1750119046722,1,895.2646266355252,438.63327505334104
132,8,4.868853174209221,1,898.5566331447808,533.950113052781
132,9,18.499999999999318,1,879.3294620824813,626.9218625620323
133,0,158.74329776245764,1,127.21381347452791,645.0188233844004
133,1,174.51662157513877,1,101.83041541990883,538.2227931386184
133,2,193.25280689315147,1,110.652788450554,408.3007695851762
133,3,207.52437406566852,1,145.27427139696118,315.14963492856384
133,4,221.65202921174568,1,201.12204662147263,234.15799996188935
133,5,235.54003149208123,1,273.6678811465509,170.19131003669992
133,6,338.1885892599359,1,871.3647394851389,351.37890369421
133,7,352.1750119046722,1,896.2754229438754,445.5409404171111
133,8,5.868853174209221,1,897.9034198675116,540.90071463604
133,9,19.499999999999318,1,877.056596436873,633.5227436935039
134,0,159.74329776245764,1,124.73966316960497,638.4907202737369
134,1,175.51662157513877,1,101.22397885519467,531.267954201031
134,2,194.25280689315147,1,112.3124601559042,401.51969004093957
134,3,208.52437406566852,1,148.55438154488695,308.98697094516535
134,4,222.65202921174568,1,205.8071498141855,228.9823494686243
134,5,236.54003149208123,1,279.45830792830395,166.29150136960374
134,6,339.1885892599359,1,873.9019746144531,357.8827477770103
134,7,353.1750119046722,1,897.1655099195907,452.4651945379868
134,8,6.868853174209221,1,897.1290013539738,547.8388574654068
134,9,20.499999999999318,1,874.6688756993608,640.0829525037825
135,0,160.74329776245764,1,122.37982079850906,631.9204315480885
135,1,176.51662157513877,1,100.73901332955131,524.3035907416945
135,2,195.25280689315147,1,114.09022524150436,394.7686085531168
135,3,209.52437406566852,1,151.94154543272435,302.88249138080175
135,4,223.65202921174568,1,210.58186699897516,223.88925357711793
135,5,237.54003149208123,1,285.31591384589774,162.4933435438969
135,6,340.1885892599359,1,876.3253155802299,364.42988215155845
135,7,354.1750119046722,1,897.9346164335559,459.40392822108623
135,8,7.868853174209221,1,896.2336134995485,554.7624281153642
135,9,21.499999999999318,1,872.1670271928116,646.6004906897144
136,0,161.74329776245764,1,120.1350051920868,625.3099585810484
136,1,177.51662157513877,1,100.3756665681758,517.3318241731839
136,2,196.25280689315147,1,115.98554218288791,388.0495815665281
136,3,210.52437406566852,1,155.4347312975409,296.8380557190836
136,4,224.65202921174568,1,215.4447437507332,218.88026369371698
136,5,238.54003149208123,1,291.2389146158252,158.79799351524724
136,6,341.1885892599359,1,878.6340242093358,371.0183124973005
136,7,355.1750119046722,1,898.5825082084763,466.35502786091286
136,8,8.868853174209221,1,895.21752904805,561.669317599222
136,9,22.499999999999318,1,869.5518130045166,653.0733729460316
137,0,162.74329776245764,1,118.00590014291788,618.6613149867198
137,1,178.51662157513877,1,100.1340492500114,510.3547781631331
137,2,197.25280689315147,1,117.9978336481542,381.36465576188215
137,3,211.52437406566852,1,159.03287508108292,290.85550515366754
137,4,225.65202921174568,1,220.39429879009356,213.95690560526282
137,5,239.54003149208123,1,297.2255060346747,155.20657692307083
137,6,342.1885892599359,1,880.8273972467576,377.6460319145298
137,7,356.1750119046722,1,899.1089878902408,473.31637608517883
137,8,9.868853174209221,1,894.0810575086455,568.5574220115351
137,9,23.499999999999318,1,866.8240297540515,659.4996275700942
